pair_index,camera_index,frame_index,frame_id,camera_timestamp,host_timestamp_ns
0,0,0,0,27833652503184,1777524069127880600
0,1,0,0,27833105063184,1777524069130123400
1,0,1,1,27833654901424,1777524069130123400
1,1,1,1,27833107462048,1777524069130123400
2,0,2,2,27833657299696,1777524069130123400
2,1,2,2,27833109859904,1777524069134877500
3,0,3,3,27833659698824,1777524069134877500
3,1,3,3,27833112258832,1777524069136329700
4,0,4,4,27833662096880,1777524069137551400
4,1,4,4,27833114656840,1777524069139769000
5,0,5,5,27833664495424,1777524069139769000
5,1,5,5,27833117055160,1777524069141312300
6,0,6,6,27833666893904,1777524069142642100
6,1,6,6,27833119453384,1777524069143702300
7,0,7,7,27833669291864,1777524069143702300
7,1,7,7,27833121851384,1777524069146210600
8,0,8,8,27833671690584,1777524069147211400
8,1,8,8,27833124250008,1777524069148718500
9,0,9,9,27833674088920,1777524069149718900
9,1,9,9,27833126648824,1777524069150466700
10,0,10,10,27833676486864,1777524069150466700
10,1,10,10,27833129046952,1777524069150466700
11,0,11,11,27833678885680,1777524069154444100
11,1,11,11,27833131444920,1777524069155448200
12,0,12,12,27833681283904,1777524069155448200
12,1,12,12,27833133843728,1777524069158765200
13,0,13,13,27833683681424,1777524069159813400
13,1,13,13,27833136241904,1777524069161360000
14,0,14,14,27833686080064,1777524069161360000
14,1,14,14,27833138640104,1777524069162213800
15,0,15,15,27833688478680,1777524069162213800
15,1,15,15,27833141038368,1777524069162213800
16,0,16,16,27833690876952,1777524069166577700
16,1,16,16,27833143436880,1777524069168207100
17,0,17,17,27833693274920,1777524069168207100
17,1,17,17,27833145835576,1777524069170798200
18,0,18,18,27833695673784,1777524069170798200
18,1,18,18,27833148233880,1777524069170798200
19,0,19,19,27833698071952,1777524069170798200
19,1,19,19,27833150631920,1777524069175407600
20,0,20,20,27833700470672,1777524069175407600
20,1,20,20,27833153030368,1777524069177421600
21,0,21,21,27833702868840,1777524069177421600
21,1,21,21,27833155428288,1777524069180439700
22,0,22,22,27833705267448,1777524069180439700
22,1,22,22,27833157826864,1777524069182651400
23,0,23,23,27833707665640,1777524069182651400
23,1,23,23,27833160225488,1777524069185188500
24,0,24,24,27833710063904,1777524069185925400
24,1,24,24,27833162623424,1777524069185925400
25,0,25,25,27833712462424,1777524069187846000
25,1,25,25,27833165021824,1777524069188849700
26,0,26,26,27833714860400,1777524069188849700
26,1,26,26,27833167419904,1777524069191745400
27,0,27,27,27833717258424,1777524069191745400
27,1,27,27,27833169818768,1777524069194810900
28,0,28,28,27833719657184,1777524069194810900
28,1,28,28,27833172216880,1777524069194810900
29,0,29,29,27833722054904,1777524069194810900
29,1,29,29,27833174614904,1777524069194810900
30,0,30,30,27833724453904,1777524069194810900
30,1,30,30,27833177013600,1777524069201958700
31,0,31,31,27833726851560,1777524069201958700
31,1,31,31,27833179412424,1777524069201958700
32,0,32,32,27833729250728,1777524069204823200
32,1,32,32,27833181810424,1777524069206477400
33,0,33,33,27833731648568,1777524069206477400
33,1,33,33,27833184208728,1777524069209045600
34,0,34,34,27833734047328,1777524069209045600
34,1,34,34,27833186606824,1777524069211143400
35,0,35,35,27833736445824,1777524069211143400
35,1,35,35,27833189004904,1777524069213662100
36,0,36,36,27833738843976,1777524069213662100
36,1,36,36,27833191403904,1777524069216352700
37,0,37,37,27833741242424,1777524069216352700
37,1,37,37,27833193801920,1777524069218357500
38,0,38,38,27833743640456,1777524069219356700
38,1,38,38,27833196200840,1777524069220611900
39,0,39,39,27833746038920,1777524069220611900
39,1,39,39,27833198598328,1777524069223232700
40,0,40,40,27833748436952,1777524069223232700
40,1,40,40,27833200997440,1777524069225340300
41,0,41,41,27833750834920,1777524069226344300
41,1,41,41,27833203394920,1777524069228222100
42,0,42,42,27833753233424,1777524069228222100
42,1,42,42,27833205793680,1777524069230505500
43,0,43,43,27833755632400,1777524069230505500
43,1,43,43,27833208192048,1777524069232509800
44,0,44,44,27833758030904,1777524069233509700
44,1,44,44,27833210590904,1777524069234510100
45,0,45,45,27833760428736,1777524069235942700
45,1,45,45,27833212988384,1777524069237383500
46,0,46,46,27833762827544,1777524069238467700
46,1,46,46,27833215386920,1777524069239609900
47,0,47,47,27833765225624,1777524069239609900
47,1,47,47,27833217785680,1777524069242437000
48,0,48,48,27833767623768,1777524069242437000
48,1,48,48,27833220183920,1777524069245213200
49,0,49,49,27833770021904,1777524069245213200
49,1,49,49,27833222581904,1777524069247309900
50,0,50,50,27833772420640,1777524069247309900
50,1,50,50,27833224980256,1777524069247309900
51,0,51,51,27833774818696,1777524069247309900
51,1,51,51,27833227379016,1777524069252512200
52,0,52,52,27833777216920,1777524069252512200
52,1,52,52,27833229776824,1777524069252512200
53,0,53,53,27833779615768,1777524069255376600
53,1,53,53,27833232175904,1777524069256589000
54,0,54,54,27833782014256,1777524069257592600
54,1,54,54,27833234573920,1777524069259601200
55,0,55,55,27833784412424,1777524069259601200
55,1,55,55,27833236971808,1777524069261616600
56,0,56,56,27833786810704,1777524069261616600
56,1,56,56,27833239370584,1777524069261616600
57,0,57,57,27833789208384,1777524069264794500
57,1,57,57,27833241768904,1777524069264794500
58,0,58,58,27833791606928,1777524069264794500
58,1,58,58,27833244167160,1777524069268058500
59,0,59,59,27833794005448,1777524069268058500
59,1,59,59,27833246565952,1777524069268058500
60,0,60,60,27833796403384,1777524069268058500
60,1,60,60,27833248963904,1777524069272568700
61,0,61,61,27833798802344,1777524069274297200
61,1,61,61,27833251361696,1777524069275653600
62,0,62,62,27833801200920,1777524069275653600
62,1,62,62,27833253760840,1777524069278675500
63,0,63,63,27833803598904,1777524069278675500
63,1,63,63,27833256158952,1777524069280178600
64,0,64,64,27833805996904,1777524069281444800
64,1,64,64,27833258556824,1777524069283611700
65,0,65,65,27833808395864,1777524069283611700
65,1,65,65,27833260955824,1777524069285617300
66,0,66,66,27833810793768,1777524069285617300
66,1,66,66,27833263353864,1777524069287616400
67,0,67,67,27833813191904,1777524069288617000
67,1,67,67,27833265751736,1777524069290005100
68,0,68,68,27833815590824,1777524069291008300
68,1,68,68,27833268150808,1777524069292742800
69,0,69,69,27833817988736,1777524069293746800
69,1,69,69,27833270549120,1777524069294758700
70,0,70,70,27833820387384,1777524069295878300
70,1,70,70,27833272946880,1777524069297949300
71,0,71,71,27833822785960,1777524069297949300
71,1,71,71,27833275345424,1777524069300063400
72,0,72,72,27833825183920,1777524069300063400
72,1,72,72,27833277743952,1777524069302550900
73,0,73,73,27833827582400,1777524069302550900
73,1,73,73,27833280142368,1777524069304845800
74,0,74,74,27833829980736,1777524069304845800
74,1,74,74,27833282540384,1777524069305855000
75,0,75,75,27833832379400,1777524069307800800
75,1,75,75,27833284938952,1777524069307800800
76,0,76,76,27833834777328,1777524069307800800
76,1,76,76,27833287337400,1777524069307800800
77,0,77,77,27833837175536,1777524069307800800
77,1,77,77,27833289735840,1777524069314028300
78,0,78,78,27833839574184,1777524069314028300
78,1,78,78,27833292134064,1777524069314028300
79,0,79,79,27833841972784,1777524069314028300
79,1,79,79,27833294531864,1777524069317824400
80,0,80,80,27833844370800,1777524069317824400
80,1,80,80,27833296931144,1777524069322100000
81,0,81,81,27833846769368,1777524069322100000
81,1,81,81,27833299328824,1777524069322100000
82,0,82,82,27833849166920,1777524069322100000
82,1,82,82,27833301726904,1777524069326065300
83,0,83,83,27833851565840,1777524069326065300
83,1,83,83,27833304125920,1777524069327959800
84,0,84,84,27833853964456,1777524069327959800
84,1,84,84,27833306524368,1777524069327959800
85,0,85,85,27833856362680,1777524069327959800
85,1,85,85,27833308922416,1777524069332479700
86,0,86,86,27833858760904,1777524069332479700
86,1,86,86,27833311320864,1777524069332479700
87,0,87,87,27833861158952,1777524069332479700
87,1,87,87,27833313718904,1777524069338107500
88,0,88,88,27833863556920,1777524069338107500
88,1,88,88,27833316117808,1777524069341258000
89,0,89,89,27833865955904,1777524069341258000
89,1,89,89,27833318515680,1777524069341258000
90,0,90,90,27833868354360,1777524069341258000
90,1,90,90,27833320913808,1777524069341258000
91,0,91,91,27833870752824,1777524069346502500
91,1,91,91,27833323312144,1777524069348443500
92,0,92,92,27833873150824,1777524069348443500
92,1,92,92,27833325710672,1777524069349189900
93,0,93,93,27833875548880,1777524069349189900
93,1,93,93,27833328108960,1777524069349189900
94,0,94,94,27833877947864,1777524069349189900
94,1,94,94,27833330507696,1777524069355539000
95,0,95,95,27833880345808,1777524069355539000
95,1,95,95,27833332905824,1777524069355539000
96,0,96,96,27833882743840,1777524069355539000
96,1,96,96,27833335304008,1777524069359350200
97,0,97,97,27833885142424,1777524069359350200
97,1,97,97,27833337702904,1777524069361361700
98,0,98,98,27833887540384,1777524069363244900
98,1,98,98,27833340101040,1777524069363244900
99,0,99,99,27833889938880,1777524069363244900
99,1,99,99,27833342498920,1777524069366630400
100,0,100,100,27833892337864,1777524069366630400
100,1,100,100,27833344897808,1777524069368861600
101,0,101,101,27833894735424,1777524069368861600
101,1,101,101,27833347295920,1777524069368861600
102,0,102,102,27833897134624,1777524069368861600
102,1,102,102,27833349693960,1777524069374482500
103,0,103,103,27833899532864,1777524069374482500
103,1,103,103,27833352092648,1777524069376346700
104,0,104,104,27833901930920,1777524069377349900
104,1,104,104,27833354491016,1777524069378873200
105,0,105,105,27833904328680,1777524069379876300
105,1,105,105,27833356889232,1777524069379876300
106,0,106,106,27833906727864,1777524069379876300
106,1,106,106,27833359287680,1777524069379876300
107,0,107,107,27833909126288,1777524069379876300
107,1,107,107,27833361685840,1777524069379876300
108,0,108,108,27833911523840,1777524069379876300
108,1,108,108,27833364083768,1777524069388938000
109,0,109,109,27833913922880,1777524069388938000
109,1,109,109,27833366482136,1777524069388938000
110,0,110,110,27833916321248,1777524069388938000
110,1,110,110,27833368881008,1777524069392755100
111,0,111,111,27833918719696,1777524069392755100
111,1,111,111,27833371279344,1777524069394765200
112,0,112,112,27833921117880,1777524069394765200
112,1,112,112,27833373677696,1777524069394765200
113,0,113,113,27833923516240,1777524069398986700
113,1,113,113,27833376076240,1777524069399760900
114,0,114,114,27833925913768,1777524069399760900
114,1,114,114,27833378474120,1777524069399760900
115,0,115,115,27833928312832,1777524069399760900
115,1,115,115,27833380872920,1777524069399760900
116,0,116,116,27833930710696,1777524069399760900
116,1,116,116,27833383270864,1777524069407595800
117,0,117,117,27833933108880,1777524069407595800
117,1,117,117,27833385669400,1777524069409573600
118,0,118,118,27833935507904,1777524069409573600
118,1,118,118,27833388067264,1777524069413134800
119,0,119,119,27833937905512,1777524069413134800
119,1,119,119,27833390465904,1777524069413134800
120,0,120,120,27833940304672,1777524069413134800
120,1,120,120,27833392864736,1777524069413134800
121,0,121,121,27833942702784,1777524069413134800
121,1,121,121,27833395262480,1777524069419610900
122,0,122,122,27833945100696,1777524069419610900
122,1,122,122,27833397660768,1777524069422377600
123,0,123,123,27833947499600,1777524069422377600
123,1,123,123,27833400059240,1777524069422377600
124,0,124,124,27833949897728,1777524069422377600
124,1,124,124,27833402457488,1777524069426033400
125,0,125,125,27833952295784,1777524069428054200
125,1,125,125,27833404856400,1777524069429809100
126,0,126,126,27833954693904,1777524069429809100
126,1,126,126,27833407253880,1777524069429809100
127,0,127,127,27833957092968,1777524069429809100
127,1,127,127,27833409652880,1777524069429809100
128,0,128,128,27833959491048,1777524069429809100
128,1,128,128,27833412050824,1777524069429809100
129,0,129,129,27833961888904,1777524069429809100
129,1,129,129,27833414448920,1777524069429809100
130,0,130,130,27833964287808,1777524069429809100
130,1,130,130,27833416847920,1777524069440812300
131,0,131,131,27833966686400,1777524069440812300
131,1,131,131,27833419245664,1777524069440812300
132,0,132,132,27833969083960,1777524069440812300
132,1,132,132,27833421644784,1777524069446499900
133,0,133,133,27833971482904,1777524069446499900
133,1,133,133,27833424042296,1777524069446499900
134,0,134,134,27833973881384,1777524069446499900
134,1,134,134,27833426440680,1777524069450370000
135,0,135,135,27833976278920,1777524069450370000
135,1,135,135,27833428838880,1777524069450370000
136,0,136,136,27833978677960,1777524069450370000
136,1,136,136,27833431237344,1777524069455588300
137,0,137,137,27833981075920,1777524069455588300
137,1,137,137,27833433635920,1777524069455588300
138,0,138,138,27833983474008,1777524069455588300
138,1,138,138,27833436034864,1777524069460494100
139,0,139,139,27833985872808,1777524069461496800
139,1,139,139,27833438432280,1777524069461496800
140,0,140,140,27833988270840,1777524069461496800
140,1,140,140,27833440830880,1777524069461496800
141,0,141,141,27833990668952,1777524069461496800
141,1,141,141,27833443229560,1777524069461496800
142,0,142,142,27833993067904,1777524069461496800
142,1,142,142,27833445627680,1777524069470750300
143,0,143,143,27833995465952,1777524069470750300
143,1,143,143,27833448026488,1777524069470750300
144,0,144,144,27833997864680,1777524069470750300
144,1,144,144,27833450424304,1777524069474104500
145,0,145,145,27834000262904,1777524069474104500
145,1,145,145,27833452822672,1777524069477648400
146,0,146,146,27834002661368,1777524069478189500
146,1,146,146,27833455221120,1777524069479696600
147,0,147,147,27834005059368,1777524069479696600
147,1,147,147,27833457619120,1777524069481214300
148,0,148,148,27834007457904,1777524069481214300
148,1,148,148,27833460017960,1777524069481214300
149,0,149,149,27834009855920,1777524069481214300
149,1,149,149,27833462416448,1777524069481214300
150,0,150,150,27834012254256,1777524069481214300
150,1,150,150,27833464814672,1777524069488705300
151,0,151,151,27834014652600,1777524069488705300
151,1,151,151,27833467212296,1777524069491493500
152,0,152,152,27834017050824,1777524069492532500
152,1,152,152,27833469610784,1777524069494728800
153,0,153,153,27834019449880,1777524069494728800
153,1,153,153,27833472009864,1777524069494728800
154,0,154,154,27834021847952,1777524069494728800
154,1,154,154,27833474408256,1777524069494728800
155,0,155,155,27834024245880,1777524069494728800
155,1,155,155,27833476805904,1777524069501646100
156,0,156,156,27834026644296,1777524069501646100
156,1,156,156,27833479204808,1777524069501646100
157,0,157,157,27834029042904,1777524069501646100
157,1,157,157,27833481602808,1777524069501646100
158,0,158,158,27834031441424,1777524069501646100
158,1,158,158,27833484001168,1777524069507409600
159,0,159,159,27834033839256,1777524069507409600
159,1,159,159,27833486399016,1777524069507409600
160,0,160,160,27834036237840,1777524069511672700
160,1,160,160,27833488797528,1777524069513081300
161,0,161,161,27834038636440,1777524069513081300
161,1,161,161,27833491195808,1777524069513081300
162,0,162,162,27834041034448,1777524069513081300
162,1,162,162,27833493594048,1777524069513081300
163,0,163,163,27834043432904,1777524069513081300
163,1,163,163,27833495993344,1777524069513081300
164,0,164,164,27834045831504,1777524069513081300
164,1,164,164,27833498391448,1777524069521850700
165,0,165,165,27834048229696,1777524069521850700
165,1,165,165,27833500789920,1777524069525630100
166,0,166,166,27834050627880,1777524069525630100
166,1,166,166,27833503187880,1777524069528172500
167,0,167,167,27834053025920,1777524069528172500
167,1,167,167,27833505586728,1777524069528172500
168,0,168,168,27834055424768,1777524069528172500
168,1,168,168,27833507984600,1777524069531928300
169,0,169,169,27834057823160,1777524069531928300
169,1,169,169,27833510382864,1777524069531928300
170,0,170,170,27834060221504,1777524069531928300
170,1,170,170,27833512780864,1777524069531928300
171,0,171,171,27834062619824,1777524069531928300
171,1,171,171,27833515179736,1777524069531928300
172,0,172,172,27834065017784,1777524069540660100
172,1,172,172,27833517577640,1777524069542419600
173,0,173,173,27834067415920,1777524069542419600
173,1,173,173,27833519975864,1777524069542419600
174,0,174,174,27834069814344,1777524069542419600
174,1,174,174,27833522374488,1777524069546169500
175,0,175,175,27834072212736,1777524069546169500
175,1,175,175,27833524773384,1777524069546169500
176,0,176,176,27834074611424,1777524069546169500
176,1,176,176,27833527170864,1777524069546169500
177,0,177,177,27834077009784,1777524069552489100
177,1,177,177,27833529569880,1777524069552489100
178,0,178,178,27834079407952,1777524069552489100
178,1,178,178,27833531968160,1777524069555233200
179,0,179,179,27834081806328,1777524069555233200
179,1,179,179,27833534366232,1777524069558698500
180,0,180,180,27834084204840,1777524069558698500
180,1,180,180,27833536764880,1777524069561728000
181,0,181,181,27834086602680,1777524069561728000
181,1,181,181,27833539162808,1777524069562768400
182,0,182,182,27834089000920,1777524069562768400
182,1,182,182,27833541561696,1777524069562768400
183,0,183,183,27834091400120,1777524069562768400
183,1,183,183,27833543959952,1777524069562768400
184,0,184,184,27834093797920,1777524069562768400
184,1,184,184,27833546357768,1777524069562768400
185,0,185,185,27834096196400,1777524069562768400
185,1,185,185,27833548756640,1777524069573590400
186,0,186,186,27834098594400,1777524069574093700
186,1,186,186,27833551154528,1777524069576154100
187,0,187,187,27834100992904,1777524069576154100
187,1,187,187,27833553552952,1777524069578656900
188,0,188,188,27834103391736,1777524069578656900
188,1,188,188,27833555951728,1777524069579662000
189,0,189,189,27834105789424,1777524069581132200
189,1,189,189,27833558349424,1777524069583139500
190,0,190,190,27834108187920,1777524069583139500
190,1,190,190,27833560747672,1777524069585731800
191,0,191,191,27834110586840,1777524069585731800
191,1,191,191,27833563146304,1777524069587829100
192,0,192,192,27834112985200,1777524069588333700
192,1,192,192,27833565544680,1777524069590344300
193,0,193,193,27834115383400,1777524069590344300
193,1,193,193,27833567943088,1777524069591849100
194,0,194,194,27834117781672,1777524069591849100
194,1,194,194,27833570341384,1777524069594800900
195,0,195,195,27834120179904,1777524069594800900
195,1,195,195,27833572739904,1777524069594800900
196,0,196,196,27834122577904,1777524069594800900
196,1,196,196,27833575137680,1777524069594800900
197,0,197,197,27834124976680,1777524069594800900
197,1,197,197,27833577536736,1777524069602363100
198,0,198,198,27834127375024,1777524069602363100
198,1,198,198,27833579934584,1777524069602363100
199,0,199,199,27834129772680,1777524069602363100
199,1,199,199,27833582333360,1777524069607164500
200,0,200,200,27834132171768,1777524069607898500
200,1,200,200,27833584731344,1777524069609488600
201,0,201,201,27834134569920,1777524069609488600
201,1,201,201,27833587129672,1777524069609488600
202,0,202,202,27834136967824,1777524069609488600
202,1,202,202,27833589527880,1777524069612913300
203,0,203,203,27834139366824,1777524069612913300
203,1,203,203,27833591926880,1777524069612913300
204,0,204,204,27834141765104,1777524069612913300
204,1,204,204,27833594324960,1777524069619321000
205,0,205,205,27834144162864,1777524069619321000
205,1,205,205,27833596723400,1777524069621843600
206,0,206,206,27834146561344,1777524069621843600
206,1,206,206,27833599121120,1777524069621843600
207,0,207,207,27834148959864,1777524069624633500
207,1,207,207,27833601519784,1777524069626217100
208,0,208,208,27834151358488,1777524069626217100
208,1,208,208,27833603918232,1777524069628222000
209,0,209,209,27834153756504,1777524069628222000
209,1,209,209,27833606316144,1777524069628222000
210,0,210,210,27834156154952,1777524069628222000
210,1,210,210,27833608714672,1777524069628222000
211,0,211,211,27834158553288,1777524069628222000
211,1,211,211,27833611113224,1777524069635434600
212,0,212,212,27834160952048,1777524069635434600
212,1,212,212,27833613511648,1777524069635434600
213,0,213,213,27834163349880,1777524069635434600
213,1,213,213,27833615909904,1777524069641187800
214,0,214,214,27834165747880,1777524069641862900
214,1,214,214,27833618308528,1777524069641862900
215,0,215,215,27834168146256,1777524069641862900
215,1,215,215,27833620706880,1777524069641862900
216,0,216,216,27834170545328,1777524069646207000
216,1,216,216,27833623104920,1777524069646207000
217,0,217,217,27834172943368,1777524069646207000
217,1,217,217,27833625502808,1777524069646207000
218,0,218,218,27834175341736,1777524069646207000
218,1,218,218,27833627901960,1777524069651337200
219,0,219,219,27834177739904,1777524069651337200
219,1,219,219,27833630299824,1777524069655099800
220,0,220,220,27834180138672,1777524069655638100
220,1,220,220,27833632697960,1777524069655638100
221,0,221,221,27834182536728,1777524069658386200
221,1,221,221,27833635096952,1777524069658386200
222,0,222,222,27834184935296,1777524069658386200
222,1,222,222,27833637494920,1777524069661501300
223,0,223,223,27834187333736,1777524069661501300
223,1,223,223,27833639893424,1777524069661501300
224,0,224,224,27834189731640,1777524069661501300
224,1,224,224,27833642291424,1777524069661501300
225,0,225,225,27834192130344,1777524069661501300
225,1,225,225,27833644689808,1777524069668510800
226,0,226,226,27834194528736,1777524069668510800
226,1,226,226,27833647088344,1777524069668510800
227,0,227,227,27834196926696,1777524069668510800
227,1,227,227,27833649486824,1777524069673801700
228,0,228,228,27834199324696,1777524069674652300
228,1,228,228,27833651884920,1777524069675300800
229,0,229,229,27834201723728,1777524069675300800
229,1,229,229,27833654283584,1777524069679300100
230,0,230,230,27834204121904,1777524069679300100
230,1,230,230,27833656681768,1777524069679300100
231,0,231,231,27834206519768,1777524069679300100
231,1,231,231,27833659080104,1777524069679300100
232,0,232,232,27834208918640,1777524069679300100
232,1,232,232,27833661478400,1777524069684909900
233,0,233,233,27834211316664,1777524069684909900
233,1,233,233,27833663876952,1777524069688384400
234,0,234,234,27834213715400,1777524069689413500
234,1,234,234,27833666274624,1777524069691216900
235,0,235,235,27834216113824,1777524069691216900
235,1,235,235,27833668673736,1777524069692493500
236,0,236,236,27834218511960,1777524069692493500
236,1,236,236,27833671071880,1777524069695004100
237,0,237,237,27834220909640,1777524069695004100
237,1,237,237,27833673469640,1777524069695004100
238,0,238,238,27834223307960,1777524069695004100
238,1,238,238,27833675867904,1777524069695004100
239,0,239,239,27834225706864,1777524069701268600
239,1,239,239,27833678266920,1777524069701268600
240,0,240,240,27834228105240,1777524069701268600
240,1,240,240,27833680664920,1777524069701268600
241,0,241,241,27834230503864,1777524069701268600
241,1,241,241,27833683063384,1777524069707886500
242,0,242,242,27834232901672,1777524069708240500
242,1,242,242,27833685461384,1777524069710453400
243,0,243,243,27834235299808,1777524069710453400
243,1,243,243,27833687859696,1777524069712571200
244,0,244,244,27834237698640,1777524069712571200
244,1,244,244,27833690258680,1777524069712571200
245,0,245,245,27834240096920,1777524069712571200
245,1,245,245,27833692656640,1777524069712571200
246,0,246,246,27834242494920,1777524069717932900
246,1,246,246,27833695054880,1777524069717932900
247,0,247,247,27834244893040,1777524069717932900
247,1,247,247,27833697453256,1777524069721794800
248,0,248,248,27834247292144,1777524069721794800
248,1,248,248,27833699851320,1777524069724860400
249,0,249,249,27834249689704,1777524069724860400
249,1,249,249,27833702250400,1777524069725864200
250,0,250,250,27834252088840,1777524069725864200
250,1,250,250,27833704648952,1777524069728387600
251,0,251,251,27834254486736,1777524069728387600
251,1,251,251,27833707046864,1777524069728387600
252,0,252,252,27834256885296,1777524069728387600
252,1,252,252,27833709444864,1777524069734518700
253,0,253,253,27834259283504,1777524069734518700
253,1,253,253,27833711843400,1777524069734518700
254,0,254,254,27834261681920,1777524069734518700
254,1,254,254,27833714241920,1777524069734518700
255,0,255,255,27834264079920,1777524069734518700
255,1,255,255,27833716640584,1777524069741718400
256,0,256,256,27834266478184,1777524069741718400
256,1,256,256,27833719038840,1777524069742632200
257,0,257,257,27834268876424,1777524069742632200
257,1,257,257,27833721437200,1777524069745884100
258,0,258,258,27834271274880,1777524069745884100
258,1,258,258,27833723834880,1777524069745884100
259,0,259,259,27834273673808,1777524069745884100
259,1,259,259,27833726234008,1777524069745884100
260,0,260,260,27834276071400,1777524069745884100
260,1,260,260,27833728631728,1777524069752074300
261,0,261,261,27834278470184,1777524069752074300
261,1,261,261,27833731029976,1777524069755164500
262,0,262,262,27834280868808,1777524069755164500
262,1,262,262,27833733428672,1777524069757792400
263,0,263,263,27834283266904,1777524069758883000
263,1,263,263,27833735826840,1777524069758883000
264,0,264,264,27834285665456,1777524069761468800
264,1,264,264,27833738224824,1777524069761468800
265,0,265,265,27834288063880,1777524069761468800
265,1,265,265,27833740623960,1777524069761468800
266,0,266,266,27834290462048,1777524069761468800
266,1,266,266,27833743021728,1777524069767863800
267,0,267,267,27834292860424,1777524069767863800
267,1,267,267,27833745419904,1777524069769139900
268,0,268,268,27834295258768,1777524069769139900
268,1,268,268,27833747818864,1777524069769139900
269,0,269,269,27834297656952,1777524069773299400
269,1,269,269,27833750216864,1777524069774546900
270,0,270,270,27834300055112,1777524069775449700
270,1,270,270,27833752614904,1777524069775449700
271,0,271,271,27834302453208,1777524069775449700
271,1,271,271,27833755013600,1777524069779389200
272,0,272,272,27834304851920,1777524069779389200
272,1,272,272,27833757412144,1777524069779389200
273,0,273,273,27834307250784,1777524069779389200
273,1,273,273,27833759810400,1777524069784640100
274,0,274,274,27834309648920,1777524069784640100
274,1,274,274,27833762208368,1777524069784640100
275,0,275,275,27834312046728,1777524069784640100
275,1,275,275,27833764606640,1777524069788478200
276,0,276,276,27834314445808,1777524069788478200
276,1,276,276,27833767004952,1777524069792078600
277,0,277,277,27834316843864,1777524069792078600
277,1,277,277,27833769403824,1777524069792078600
278,0,278,278,27834319241880,1777524069794941800
278,1,278,278,27833771801904,1777524069794941800
279,0,279,279,27834321640328,1777524069794941800
279,1,279,279,27833774200808,1777524069794941800
280,0,280,280,27834324038920,1777524069794941800
280,1,280,280,27833776598880,1777524069801686700
281,0,281,281,27834326436904,1777524069801686700
281,1,281,281,27833778996952,1777524069801686700
282,0,282,282,27834328835824,1777524069801686700
282,1,282,282,27833781394952,1777524069801686700
283,0,283,283,27834331233640,1777524069806799600
283,1,283,283,27833783793904,1777524069808755700
284,0,284,284,27834333631920,1777524069808755700
284,1,284,284,27833786191864,1777524069808755700
285,0,285,285,27834336030720,1777524069808755700
285,1,285,285,27833788590296,1777524069812429900
286,0,286,286,27834338428672,1777524069812429900
286,1,286,286,27833790989016,1777524069812429900
287,0,287,287,27834340826880,1777524069812429900
287,1,287,287,27833793387424,1777524069818223300
288,0,288,288,27834343225464,1777524069818223300
288,1,288,288,27833795785584,1777524069819455100
289,0,289,289,27834345623528,1777524069819455100
289,1,289,289,27833798183768,1777524069821958600
290,0,290,290,27834348021840,1777524069821958600
290,1,290,290,27833800582320,1777524069825531100
291,0,291,291,27834350420784,1777524069825531100
291,1,291,291,27833802980680,1777524069825531100
292,0,292,292,27834352818736,1777524069828347700
292,1,292,292,27833805378880,1777524069828347700
293,0,293,293,27834355216880,1777524069828347700
293,1,293,293,27833807776920,1777524069828347700
294,0,294,294,27834357615240,1777524069828347700
294,1,294,294,27833810175424,1777524069828347700
295,0,295,295,27834360013840,1777524069828347700
295,1,295,295,27833812573768,1777524069836008400
296,0,296,296,27834362412568,1777524069836008400
296,1,296,296,27833814971904,1777524069836008400
297,0,297,297,27834364810920,1777524069840270900
297,1,297,297,27833817370384,1777524069842314200
298,0,298,298,27834367208840,1777524069842723200
298,1,298,298,27833819768680,1777524069842723200
299,0,299,299,27834369606768,1777524069842723200
299,1,299,299,27833822166864,1777524069845748900
300,0,300,300,27834372005880,1777524069845748900
300,1,300,300,27833824564960,1777524069845748900
301,0,301,301,27834374403904,1777524069845748900
301,1,301,301,27833826963840,1777524069845748900
302,0,302,302,27834376801840,1777524069852455900
302,1,302,302,27833829362120,1777524069852455900
303,0,303,303,27834379200808,1777524069852455900
303,1,303,303,27833831760600,1777524069855200000
304,0,304,304,27834381598736,1777524069855200000
304,1,304,304,27833834158904,1777524069859299800
305,0,305,305,27834383997240,1777524069859299800
305,1,305,305,27833836557368,1777524069861518100
306,0,306,306,27834386395400,1777524069861518100
306,1,306,306,27833838955736,1777524069861518100
307,0,307,307,27834388793576,1777524069861518100
307,1,307,307,27833841353768,1777524069861518100
308,0,308,308,27834391192240,1777524069861518100
308,1,308,308,27833843752256,1777524069868828400
309,0,309,309,27834393590904,1777524069868828400
309,1,309,309,27833846150680,1777524069869834500
310,0,310,310,27834395988400,1777524069869834500
310,1,310,310,27833848548696,1777524069873429100
311,0,311,311,27834398387288,1777524069873429100
311,1,311,311,27833850946736,1777524069875298700
312,0,312,312,27834400785840,1777524069875298700
312,1,312,312,27833853345784,1777524069878465600
313,0,313,313,27834403183696,1777524069878465600
313,1,313,313,27833855743424,1777524069879510000
314,0,314,314,27834405582680,1777524069879510000
314,1,314,314,27833858142344,1777524069879510000
315,0,315,315,27834407980808,1777524069879510000
315,1,315,315,27833860540960,1777524069884571000
316,0,316,316,27834410378824,1777524069884571000
316,1,316,316,27833862939288,1777524069884571000
317,0,317,317,27834412776952,1777524069888497400
317,1,317,317,27833865336880,1777524069888497400
318,0,318,318,27834415175736,1777524069888497400
318,1,318,318,27833867735952,1777524069892717200
319,0,319,319,27834417574168,1777524069892717200
319,1,319,319,27833870133904,1777524069894739200
320,0,320,320,27834419972328,1777524069894739200
320,1,320,320,27833872532168,1777524069894739200
321,0,321,321,27834422370384,1777524069894739200
321,1,321,321,27833874930400,1777524069894739200
322,0,322,322,27834424768920,1777524069894739200
322,1,322,322,27833877329160,1777524069901244500
323,0,323,323,27834427167768,1777524069901244500
323,1,323,323,27833879727120,1777524069901244500
324,0,324,324,27834429565904,1777524069901244500
324,1,324,324,27833882125696,1777524069906967500
325,0,325,325,27834431963808,1777524069906967500
325,1,325,325,27833884523824,1777524069908774200
326,0,326,326,27834434361880,1777524069908774200
326,1,326,326,27833886922256,1777524069908774200
327,0,327,327,27834436760768,1777524069912222000
327,1,327,327,27833889320424,1777524069912222000
328,0,328,328,27834439159120,1777524069912222000
328,1,328,328,27833891718880,1777524069912222000
329,0,329,329,27834441557648,1777524069912222000
329,1,329,329,27833894117600,1777524069919101000
330,0,330,330,27834443955920,1777524069919101000
330,1,330,330,27833896515952,1777524069921684300
331,0,331,331,27834446354416,1777524069921684300
331,1,331,331,27833898913696,1777524069921684300
332,0,332,332,27834448752784,1777524069924444400
332,1,332,332,27833901311864,1777524069926451300
333,0,333,333,27834451150672,1777524069926451300
333,1,333,333,27833903710920,1777524069927989500
334,0,334,334,27834453548680,1777524069927989500
334,1,334,334,27833906108696,1777524069927989500
335,0,335,335,27834455947256,1777524069927989500
335,1,335,335,27833908507048,1777524069927989500
336,0,336,336,27834458345640,1777524069927989500
336,1,336,336,27833910905344,1777524069935596900
337,0,337,337,27834460743728,1777524069935596900
337,1,337,337,27833913303864,1777524069935596900
338,0,338,338,27834463142424,1777524069935596900
338,1,338,338,27833915701920,1777524069940340000
339,0,339,339,27834465540768,1777524069941198000
339,1,339,339,27833918100896,1777524069942173500
340,0,340,340,27834467938840,1777524069942173500
340,1,340,340,27833920498704,1777524069945444200
341,0,341,341,27834470337904,1777524069945444200
341,1,341,341,27833922897784,1777524069945444200
342,0,342,342,27834472735504,1777524069945444200
342,1,342,342,27833925295488,1777524069945444200
343,0,343,343,27834475134400,1777524069945444200
343,1,343,343,27833927693840,1777524069951263200
344,0,344,344,27834477532864,1777524069951263200
344,1,344,344,27833930092640,1777524069954956300
345,0,345,345,27834479930296,1777524069954956300
345,1,345,345,27833932490920,1777524069954956300
346,0,346,346,27834482328840,1777524069958217200
346,1,346,346,27833934889400,1777524069958721300
347,0,347,347,27834484727824,1777524069960231600
347,1,347,347,27833937287008,1777524069961254500
348,0,348,348,27834487126104,1777524069961254500
348,1,348,348,27833939685904,1777524069961254500
349,0,349,349,27834489524328,1777524069961254500
349,1,349,349,27833942083624,1777524069961254500
350,0,350,350,27834491922880,1777524069961254500
350,1,350,350,27833944482840,1777524069968323000
351,0,351,351,27834494320880,1777524069968323000
351,1,351,351,27833946880696,1777524069968323000
352,0,352,352,27834496718696,1777524069968323000
352,1,352,352,27833949278736,1777524069973596400
353,0,353,353,27834499117864,1777524069975369400
353,1,353,353,27833951677456,1777524069975369400
354,0,354,354,27834501515608,1777524069975369400
354,1,354,354,27833954075320,1777524069978678300
355,0,355,355,27834503914600,1777524069978678300
355,1,355,355,27833956474392,1777524069978678300
356,0,356,356,27834506312880,1777524069978678300
356,1,356,356,27833958872736,1777524069978678300
357,0,357,357,27834508711240,1777524069978678300
357,1,357,357,27833961270920,1777524069984574400
358,0,358,358,27834511109416,1777524069984574400
358,1,358,358,27833963668840,1777524069988177500
359,0,359,359,27834513507920,1777524069988177500
359,1,359,359,27833966067960,1777524069991144200
360,0,360,360,27834515905904,1777524069991144200
360,1,360,360,27833968466344,1777524069993179100
361,0,361,361,27834518304224,1777524069993179100
361,1,361,361,27833970864400,1777524069995702000
362,0,362,362,27834520702920,1777524069995702000
362,1,362,362,27833973262640,1777524069997696600
363,0,363,363,27834523100824,1777524069998695900
363,1,363,363,27833975660864,1777524070000702900
364,0,364,364,27834525498808,1777524070000702900
364,1,364,364,27833978058824,1777524070002703300
365,0,365,365,27834527897208,1777524070002703300
365,1,365,365,27833980457424,1777524070004696600
366,0,366,366,27834530295576,1777524070005707100
366,1,366,366,27833982855904,1777524070007900300
367,0,367,367,27834532693960,1777524070007900300
367,1,367,367,27833985254512,1777524070009921300
368,0,368,368,27834535092384,1777524070009921300
368,1,368,368,27833987652480,1777524070012220300
369,0,369,369,27834537490960,1777524070013231000
369,1,369,369,27833990051344,1777524070015231000
370,0,370,370,27834539889256,1777524070015231000
370,1,370,370,27833992449696,1777524070017231500
371,0,371,371,27834542287824,1777524070017231500
371,1,371,371,27833994847864,1777524070019711600
372,0,372,372,27834544686184,1777524070019711600
372,1,372,372,27833997246400,1777524070022221200
373,0,373,373,27834547083808,1777524070022221200
373,1,373,373,27833999644640,1777524070024390500
374,0,374,374,27834549482824,1777524070025471100
374,1,374,374,27834002042728,1777524070026475100
375,0,375,375,27834551881248,1777524070026475100
375,1,375,375,27834004440880,1777524070028983400
376,0,376,376,27834554279232,1777524070029984600
376,1,376,376,27834006838904,1777524070031982700
377,0,377,377,27834556677672,1777524070031982700
377,1,377,377,27834009237808,1777524070033984900
378,0,378,378,27834559075560,1777524070033984900
378,1,378,378,27834011635880,1777524070035983600
379,0,379,379,27834561474808,1777524070036983500
379,1,379,379,27834014034736,1777524070038991700
380,0,380,380,27834563872768,1777524070038991700
380,1,380,380,27834016432344,1777524070041250900
381,0,381,381,27834566270904,1777524070041250900
381,1,381,381,27834018831296,1777524070043255300
382,0,382,382,27834568669368,1777524070044256000
382,1,382,382,27834021229288,1777524070045760900
383,0,383,383,27834571067728,1777524070046764900
383,1,383,383,27834023627728,1777524070048770800
384,0,384,384,27834573465864,1777524070048770800
384,1,384,384,27834026025864,1777524070050773200
385,0,385,385,27834575864424,1777524070050773200
385,1,385,385,27834028423952,1777524070052764900
386,0,386,386,27834578262920,1777524070052764900
386,1,386,386,27834030822824,1777524070055281500
387,0,387,387,27834580660920,1777524070056272700
387,1,387,387,27834033220920,1777524070057746800
388,0,388,388,27834583058952,1777524070058749900
388,1,388,388,27834035618920,1777524070059793800
389,0,389,389,27834585458120,1777524070061299000
389,1,389,389,27834038017920,1777524070061808400
390,0,390,390,27834587856344,1777524070061808400
390,1,390,390,27834040415952,1777524070061808400
391,0,391,391,27834590254904,1777524070061808400
391,1,391,391,27834042813904,1777524070061808400
392,0,392,392,27834592652768,1777524070061808400
392,1,392,392,27834045212696,1777524070061808400
393,0,393,393,27834595050904,1777524070061808400
393,1,393,393,27834047610952,1777524070071903300
394,0,394,394,27834597449904,1777524070071903300
394,1,394,394,27834050009184,1777524070074413800
395,0,395,395,27834599847768,1777524070075426800
395,1,395,395,27834052408184,1777524070077425700
396,0,396,396,27834602245952,1777524070077425700
396,1,396,396,27834054806528,1777524070079951300
397,0,397,397,27834604644008,1777524070079951300
397,1,397,397,27834057204840,1777524070081950100
398,0,398,398,27834607042768,1777524070081950100
398,1,398,398,27834059602840,1777524070083946000
399,0,399,399,27834609440640,1777524070084946500
399,1,399,399,27834062000880,1777524070085949900
400,0,400,400,27834611839808,1777524070087454700
400,1,400,400,27834064399952,1777524070089459800
401,0,401,401,27834614237864,1777524070089792300
401,1,401,401,27834066797952,1777524070091198000
402,0,402,402,27834616635952,1777524070092202500
402,1,402,402,27834069196584,1777524070093207600
403,0,403,403,27834619034448,1777524070095611900
403,1,403,403,27834071594768,1777524070096884000
404,0,404,404,27834621432904,1777524070096884000
404,1,404,404,27834073992736,1777524070098882000
405,0,405,405,27834623830856,1777524070098882000
405,1,405,405,27834076390808,1777524070100881500
406,0,406,406,27834626229880,1777524070101881900
406,1,406,406,27834078789952,1777524070103881600
407,0,407,407,27834628628008,1777524070103881600
407,1,407,407,27834081187960,1777524070106237700
408,0,408,408,27834631026120,1777524070106741100
408,1,408,408,27834083585904,1777524070107752500
409,0,409,409,27834633424768,1777524070108915600
409,1,409,409,27834085984768,1777524070110926500
410,0,410,410,27834635823328,1777524070110926500
410,1,410,410,27834088383040,1777524070113436700
411,0,411,411,27834638221696,1777524070113436700
411,1,411,411,27834090781424,1777524070115441300
412,0,412,412,27834640619840,1777524070116435800
412,1,412,412,27834093179640,1777524070117435500
413,0,413,413,27834643017880,1777524070118436600
413,1,413,413,27834095577576,1777524070119435900
414,0,414,414,27834645416400,1777524070120939100
414,1,414,414,27834097975960,1777524070122944400
415,0,415,415,27834647814880,1777524070123248500
415,1,415,415,27834100374232,1777524070125540200
416,0,416,416,27834650212864,1777524070125540200
416,1,416,416,27834102772952,1777524070126545500
417,0,417,417,27834652610784,1777524070128049400
417,1,417,417,27834105170920,1777524070129561700
418,0,418,418,27834655009672,1777524070130565100
418,1,418,418,27834107569952,1777524070132569700
419,0,419,419,27834657407840,1777524070132569700
419,1,419,419,27834109967864,1777524070134570100
420,0,420,420,27834659805840,1777524070135565300
420,1,420,420,27834112365768,1777524070137565000
421,0,421,421,27834662204736,1777524070137565000
421,1,421,421,27834114764696,1777524070138566000
422,0,422,422,27834664602840,1777524070140068500
422,1,422,422,27834117163080,1777524070142060300
423,0,423,423,27834667001384,1777524070142060300
423,1,423,423,27834119561256,1777524070144077900
424,0,424,424,27834669399360,1777524070144077900
424,1,424,424,27834121959368,1777524070146593600
425,0,425,425,27834671798424,1777524070146593600
425,1,425,425,27834124358384,1777524070148586400
426,0,426,426,27834674196048,1777524070149585900
426,1,426,426,27834126755880,1777524070151589600
427,0,427,427,27834676594384,1777524070151589600
427,1,427,427,27834129154168,1777524070154094200
428,0,428,428,27834678992960,1777524070154094200
428,1,428,428,27834131552560,1777524070156098700
429,0,429,429,27834681391784,1777524070156098700
429,1,429,429,27834133951768,1777524070158810200
430,0,430,430,27834683790144,1777524070158810200
430,1,430,430,27834136349920,1777524070161345700
431,0,431,431,27834686187640,1777524070161345700
431,1,431,431,27834138747952,1777524070163361300
432,0,432,432,27834688586328,1777524070163361300
432,1,432,432,27834141145880,1777524070165686400
433,0,433,433,27834690984368,1777524070166680800
433,1,433,433,27834143544808,1777524070168680300
434,0,434,434,27834693383424,1777524070168680300
434,1,434,434,27834145942736,1777524070170681100
435,0,435,435,27834695781784,1777524070170681100
435,1,435,435,27834148340904,1777524070173506200
436,0,436,436,27834698179840,1777524070173506200
436,1,436,436,27834150740160,1777524070175400200
437,0,437,437,27834700577840,1777524070176400000
437,1,437,437,27834153138344,1777524070176400000
438,0,438,438,27834702976808,1777524070176400000
438,1,438,438,27834155536144,1777524070180445800
439,0,439,439,27834705375208,1777524070180445800
439,1,439,439,27834157934840,1777524070180445800
440,0,440,440,27834707773296,1777524070180445800
440,1,440,440,27834160333224,1777524070180445800
441,0,441,441,27834710171904,1777524070180445800
441,1,441,441,27834162730904,1777524070187488700
442,0,442,442,27834712569384,1777524070187488700
442,1,442,442,27834165129600,1777524070187488700
443,0,443,443,27834714967672,1777524070187488700
443,1,443,443,27834167527952,1777524070192165800
444,0,444,444,27834717366768,1777524070193176000
444,1,444,444,27834169926840,1777524070194691300
445,0,445,445,27834719764880,1777524070194691300
445,1,445,445,27834172325168,1777524070197213900
446,0,446,446,27834722162864,1777524070197213900
446,1,446,446,27834174722904,1777524070199228800
447,0,447,447,27834724561384,1777524070200220900
447,1,447,447,27834177121080,1777524070202222000
448,0,448,448,27834726959696,1777524070202222000
448,1,448,448,27834179519544,1777524070204228400
449,0,449,449,27834729358320,1777524070204228400
449,1,449,449,27834181917952,1777524070206732800
450,0,450,450,27834731756048,1777524070207122000
450,1,450,450,27834184316080,1777524070209230600
451,0,451,451,27834734154920,1777524070209230600
451,1,451,451,27834186714736,1777524070211238200
452,0,452,452,27834736552904,1777524070212228700
452,1,452,452,27834189112840,1777524070214017100
453,0,453,453,27834738951736,1777524070214017100
453,1,453,453,27834191511728,1777524070216072800
454,0,454,454,27834741350168,1777524070217061100
454,1,454,454,27834193909840,1777524070218449900
455,0,455,455,27834743747728,1777524070218449900
455,1,455,455,27834196308240,1777524070221001200
456,0,456,456,27834746146736,1777524070221001200
456,1,456,456,27834198706424,1777524070221001200
457,0,457,457,27834748545248,1777524070221001200
457,1,457,457,27834201104920,1777524070225399700
458,0,458,458,27834750943328,1777524070226405800
458,1,458,458,27834203502680,1777524070227910300
459,0,459,459,27834753341904,1777524070228914000
459,1,459,459,27834205901864,1777524070230915200
460,0,460,460,27834755739880,1777524070230915200
460,1,460,460,27834208299696,1777524070233424700
461,0,461,461,27834758138368,1777524070233424700
461,1,461,461,27834210698640,1777524070235423800
462,0,462,462,27834760536808,1777524070236178600
462,1,462,462,27834213096400,1777524070237761300
463,0,463,463,27834762935288,1777524070237761300
463,1,463,463,27834215494600,1777524070240279600
464,0,464,464,27834765332768,1777524070241075100
464,1,464,464,27834217892952,1777524070242010500
465,0,465,465,27834767731624,1777524070242010500
465,1,465,465,27834220291784,1777524070242010500
466,0,466,466,27834770130144,1777524070245712800
466,1,466,466,27834222689640,1777524070245712800
467,0,467,467,27834772528728,1777524070245712800
467,1,467,467,27834225087920,1777524070245712800
468,0,468,468,27834774926808,1777524070245712800
468,1,468,468,27834227486864,1777524070251386100
469,0,469,469,27834777324464,1777524070251386100
469,1,469,469,27834229884736,1777524070254136000
470,0,470,470,27834779723560,1777524070254136000
470,1,470,470,27834232283736,1777524070254136000
471,0,471,471,27834782121960,1777524070257841000
471,1,471,471,27834234681296,1777524070259134000
472,0,472,472,27834784519880,1777524070259134000
472,1,472,472,27834237079968,1777524070261144100
473,0,473,473,27834786918680,1777524070261144100
473,1,473,473,27834239478368,1777524070264563300
474,0,474,474,27834789316904,1777524070264563300
474,1,474,474,27834241876400,1777524070264563300
475,0,475,475,27834791714904,1777524070264563300
475,1,475,475,27834244274920,1777524070269263200
476,0,476,476,27834794112920,1777524070269263200
476,1,476,476,27834246672904,1777524070269263200
477,0,477,477,27834796511488,1777524070269263200
477,1,477,477,27834249071560,1777524070273410800
478,0,478,478,27834798909824,1777524070274466100
478,1,478,478,27834251470176,1777524070276567200
479,0,479,479,27834801308240,1777524070276567200
479,1,479,479,27834253868296,1777524070277573500
480,0,480,480,27834803706864,1777524070279077200
480,1,480,480,27834256266920,1777524070280593300
481,0,481,481,27834806104880,1777524070281593300
481,1,481,481,27834258664984,1777524070282084000
482,0,482,482,27834808503808,1777524070282084000
482,1,482,482,27834261062864,1777524070282084000
483,0,483,483,27834810901920,1777524070282084000
483,1,483,483,27834263461400,1777524070288449500
484,0,484,484,27834813299784,1777524070288449500
484,1,484,484,27834265860144,1777524070289540800
485,0,485,485,27834815698840,1777524070291110000
485,1,485,485,27834268258696,1777524070292305600
486,0,486,486,27834818096824,1777524070292305600
486,1,486,486,27834270656784,1777524070294314500
487,0,487,487,27834820494824,1777524070294314500
487,1,487,487,27834273055112,1777524070294314500
488,0,488,488,27834822893840,1777524070298397500
488,1,488,488,27834275453648,1777524070298397500
489,0,489,489,27834825291440,1777524070298397500
489,1,489,489,27834277851360,1777524070301305300
490,0,490,490,27834827690400,1777524070301305300
490,1,490,490,27834280249728,1777524070301305300
491,0,491,491,27834830088296,1777524070301305300
491,1,491,491,27834282648728,1777524070307903200
492,0,492,492,27834832486864,1777524070307903200
492,1,492,492,27834285046560,1777524070307903200
493,0,493,493,27834834884960,1777524070307903200
493,1,493,493,27834287444880,1777524070312299600
494,0,494,494,27834837283864,1777524070312299600
494,1,494,494,27834289843680,1777524070312299600
495,0,495,495,27834839681880,1777524070312299600
495,1,495,495,27834292241256,1777524070312299600
496,0,496,496,27834842080240,1777524070312299600
496,1,496,496,27834294639640,1777524070318214300
497,0,497,497,27834844478880,1777524070318214300
497,1,497,497,27834297037960,1777524070320718900
498,0,498,498,27834846876400,1777524070320718900
498,1,498,498,27834299436696,1777524070324863800
499,0,499,499,27834849274920,1777524070325368700
499,1,499,499,27834301834728,1777524070325368700
500,0,500,500,27834851673784,1777524070325368700
500,1,500,500,27834304233064,1777524070327774600
501,0,501,501,27834854071864,1777524070327774600
501,1,501,501,27834306631560,1777524070327774600
502,0,502,502,27834856469768,1777524070332054700
502,1,502,502,27834309029824,1777524070332054700
503,0,503,503,27834858868864,1777524070332054700
503,1,503,503,27834311428864,1777524070334779800
504,0,504,504,27834861266680,1777524070334779800
504,1,504,504,27834313826768,1777524070334779800
505,0,505,505,27834863664736,1777524070334779800
505,1,505,505,27834316225296,1777524070341212300
506,0,506,506,27834866063920,1777524070341612400
506,1,506,506,27834318623960,1777524070341612400
507,0,507,507,27834868461384,1777524070341612400
507,1,507,507,27834321021600,1777524070345599200
508,0,508,508,27834870859728,1777524070345599200
508,1,508,508,27834323420608,1777524070345599200
509,0,509,509,27834873258920,1777524070345599200
509,1,509,509,27834325818104,1777524070345599200
510,0,510,510,27834875656880,1777524070351315200
510,1,510,510,27834328216920,1777524070351315200
511,0,511,511,27834878054784,1777524070351315200
511,1,511,511,27834330614920,1777524070353980000
512,0,512,512,27834880453880,1777524070353980000
512,1,512,512,27834333013920,1777524070357837500
513,0,513,513,27834882851736,1777524070358671600
513,1,513,513,27834335411736,1777524070358671600
514,0,514,514,27834885250728,1777524070358671600
514,1,514,514,27834337810624,1777524070361197900
515,0,515,515,27834887648824,1777524070361197900
515,1,515,515,27834340208624,1777524070361197900
516,0,516,516,27834890046736,1777524070365781900
516,1,516,516,27834342606520,1777524070365781900
517,0,517,517,27834892445728,1777524070367916600
517,1,517,517,27834345005008,1777524070367916600
518,0,518,518,27834894843736,1777524070367916600
518,1,518,518,27834347403880,1777524070367916600
519,0,519,519,27834897241904,1777524070372895000
519,1,519,519,27834349801824,1777524070374522800
520,0,520,520,27834899639880,1777524070374522800
520,1,520,520,27834352200112,1777524070375461700
521,0,521,521,27834902038680,1777524070375461700
521,1,521,521,27834354598344,1777524070378937600
522,0,522,522,27834904436672,1777524070379969500
522,1,522,522,27834356996880,1777524070379969500
523,0,523,523,27834906834864,1777524070379969500
523,1,523,523,27834359394840,1777524070384550700
524,0,524,524,27834909233808,1777524070384550700
524,1,524,524,27834361793696,1777524070384550700
525,0,525,525,27834911632424,1777524070387254300
525,1,525,525,27834364191840,1777524070387254300
526,0,526,526,27834914030328,1777524070387254300
526,1,526,526,27834366590120,1777524070391161100
527,0,527,527,27834916428448,1777524070392165100
527,1,527,527,27834368988880,1777524070392165100
528,0,528,528,27834918826864,1777524070392165100
528,1,528,528,27834371386880,1777524070394691800
529,0,529,529,27834921225400,1777524070394691800
529,1,529,529,27834373784904,1777524070394691800
530,0,530,530,27834923623728,1777524070394691800
530,1,530,530,27834376183840,1777524070399362500
531,0,531,531,27834926021840,1777524070399362500
531,1,531,531,27834378581920,1777524070402357400
532,0,532,532,27834928420624,1777524070402357400
532,1,532,532,27834380980808,1777524070406039700
533,0,533,533,27834930818840,1777524070406039700
533,1,533,533,27834383378296,1777524070407752100
534,0,534,534,27834933216960,1777524070408849800
534,1,534,534,27834385776696,1777524070410857400
535,0,535,535,27834935614920,1777524070410857400
535,1,535,535,27834388175384,1777524070412372800
536,0,536,536,27834938013560,1777524070413379800
536,1,536,536,27834390573952,1777524070414686800
537,0,537,537,27834940411768,1777524070414686800
537,1,537,537,27834392971920,1777524070414686800
538,0,538,538,27834942809920,1777524070414686800
538,1,538,538,27834395370736,1777524070414686800
539,0,539,539,27834945208424,1777524070420685700
539,1,539,539,27834397768384,1777524070420685700
540,0,540,540,27834947606768,1777524070420685700
540,1,540,540,27834400167424,1777524070425319200
541,0,541,541,27834950005344,1777524070425319200
541,1,541,541,27834402565824,1777524070426324400
542,0,542,542,27834952403456,1777524070427835600
542,1,542,542,27834404963840,1777524070429997800
543,0,543,543,27834954801920,1777524070429997800
543,1,543,543,27834407361880,1777524070431997800
544,0,544,544,27834957200424,1777524070431997800
544,1,544,544,27834409760528,1777524070434016500
545,0,545,545,27834959598584,1777524070435016200
545,1,545,545,27834412158560,1777524070437015700
546,0,546,546,27834961996864,1777524070437015700
546,1,546,546,27834414556920,1777524070439521000
547,0,547,547,27834964395248,1777524070439521000
547,1,547,547,27834416955696,1777524070441167500
548,0,548,548,27834966793368,1777524070442217000
548,1,548,548,27834419353768,1777524070444215300
549,0,549,549,27834969192424,1777524070444215300
549,1,549,549,27834421752184,1777524070446723300
550,0,550,550,27834971590904,1777524070446723300
550,1,550,550,27834424150488,1777524070448726000
551,0,551,551,27834973988640,1777524070449723500
551,1,551,551,27834426549160,1777524070450724300
552,0,552,552,27834976387384,1777524070451724600
552,1,552,552,27834428946880,1777524070452724600
553,0,553,553,27834978785560,1777524070454227500
553,1,553,553,27834431345640,1777524070456231700
554,0,554,554,27834981183544,1777524070456231700
554,1,554,554,27834433743880,1777524070458814900
555,0,555,555,27834983581904,1777524070459444900
555,1,555,555,27834436141976,1777524070461246800
556,0,556,556,27834985980360,1777524070461246800
556,1,556,556,27834438540680,1777524070463251600
557,0,557,557,27834988378640,1777524070464250600
557,1,557,557,27834440938864,1777524070465251600
558,0,558,558,27834990777384,1777524070465251600
558,1,558,558,27834443336904,1777524070467684100
559,0,559,559,27834993175528,1777524070467684100
559,1,559,559,27834445735256,1777524070467684100
560,0,560,560,27834995574296,1777524070467684100
560,1,560,560,27834448133784,1777524070472812200
561,0,561,561,27834997971904,1777524070472812200
561,1,561,561,27834450532384,1777524070475492600
562,0,562,562,27835000370368,1777524070475492600
562,1,562,562,27834452930696,1777524070477491100
563,0,563,563,27835002768976,1777524070477491100
563,1,563,563,27834455329008,1777524070479999400
564,0,564,564,27835005167440,1777524070480504100
564,1,564,564,27834457727136,1777524070482509400
565,0,565,565,27835007565840,1777524070483046100
565,1,565,565,27834460125640,1777524070483046100
566,0,566,566,27835009963880,1777524070483046100
566,1,566,566,27834462523920,1777524070487314100
567,0,567,567,27835012361904,1777524070487314100
567,1,567,567,27834464921880,1777524070487314100
568,0,568,568,27835014760952,1777524070487314100
568,1,568,568,27834467320904,1777524070492247500
569,0,569,569,27835017158920,1777524070492247500
569,1,569,569,27834469718880,1777524070494756300
570,0,570,570,27835019557768,1777524070494756300
570,1,570,570,27834472117680,1777524070496761100
571,0,571,571,27835021955824,1777524070496761100
571,1,571,571,27834474515728,1777524070498759900
572,0,572,572,27835024353864,1777524070498759900
572,1,572,572,27834476913880,1777524070501268200
573,0,573,573,27835026751952,1777524070502267900
573,1,573,573,27834479312248,1777524070504267600
574,0,574,574,27835029150160,1777524070504267600
574,1,574,574,27834481710696,1777524070506279000
575,0,575,575,27835031548976,1777524070506279000
575,1,575,575,27834484109064,1777524070508399400
576,0,576,576,27835033947560,1777524070509399500
576,1,576,576,27834486507064,1777524070511397100
577,0,577,577,27835036345696,1777524070511397100
577,1,577,577,27834488905920,1777524070513902500
578,0,578,578,27835038744232,1777524070513902500
578,1,578,578,27834491303960,1777524070515902600
579,0,579,579,27835041142392,1777524070516903600
579,1,579,579,27834493702368,1777524070517902600
580,0,580,580,27835043540784,1777524070518902700
580,1,580,580,27834496100544,1777524070520405500
581,0,581,581,27835045938920,1777524070521409200
581,1,581,581,27834498499288,1777524070523408800
582,0,582,582,27835048336880,1777524070523408800
582,1,582,582,27834500897488,1777524070525827100
583,0,583,583,27835050735920,1777524070526170300
583,1,583,583,27834503295728,1777524070528198000
584,0,584,584,27835053133880,1777524070528702800
584,1,584,584,27834505693728,1777524070530706000
585,0,585,585,27835055532544,1777524070530706000
585,1,585,585,27834508091880,1777524070532706000
586,0,586,586,27835057930680,1777524070532706000
586,1,586,586,27834510490920,1777524070535212300
587,0,587,587,27835060328952,1777524070535212300
587,1,587,587,27834512888640,1777524070537212300
588,0,588,588,27835062726904,1777524070538212200
588,1,588,588,27834515287840,1777524070539714700
589,0,589,589,27835065125824,1777524070540718000
589,1,589,589,27834517685880,1777524070542555600
590,0,590,590,27835067523904,1777524070542555600
590,1,590,590,27834520083672,1777524070544556400
591,0,591,591,27835069922840,1777524070545556300
591,1,591,591,27834522482640,1777524070547062500
592,0,592,592,27835072320920,1777524070548065500
592,1,592,592,27834524880768,1777524070549064700
593,0,593,593,27835074718864,1777524070550061700
593,1,593,593,27834527278808,1777524070552063900
594,0,594,594,27835077117824,1777524070552063900
594,1,594,594,27834529677768,1777524070554571500
595,0,595,595,27835079515696,1777524070554571500
595,1,595,595,27834532075368,1777524070556571400
596,0,596,596,27835081914184,1777524070557572900
596,1,596,596,27834534473904,1777524070558878000
597,0,597,597,27835084312952,1777524070559882100
597,1,597,597,27834536872920,1777524070561386300
598,0,598,598,27835086710880,1777524070562391400
598,1,598,598,27834539270728,1777524070564390200
599,0,599,599,27835089108880,1777524070564390200
599,1,599,599,27834541668904,1777524070566675100
600,0,600,600,27835091507920,1777524070566675100
600,1,600,600,27834544067864,1777524070568675700
601,0,601,601,27835093905904,1777524070569675700
601,1,601,601,27834546465864,1777524070570675500
602,0,602,602,27835096303824,1777524070571675400
602,1,602,602,27834548864104,1777524070573178100
603,0,603,603,27835098702952,1777524070574182800
603,1,603,603,27834551262768,1777524070575760100
604,0,604,604,27835101100880,1777524070575760100
604,1,604,604,27834553660680,1777524070578001800
605,0,605,605,27835103499672,1777524070579002600
605,1,605,605,27834556058880,1777524070580508800
606,0,606,606,27835105897512,1777524070581513100
606,1,606,606,27834558457808,1777524070583512900
607,0,607,607,27835108295920,1777524070583512900
607,1,607,607,27834560855904,1777524070585511900
608,0,608,608,27835110693904,1777524070585511900
608,1,608,608,27834563253768,1777524070588019500
609,0,609,609,27835113092904,1777524070589020100
609,1,609,609,27834565652536,1777524070590020600
610,0,610,610,27835115490728,1777524070591018300
610,1,610,610,27834568050920,1777524070592237100
611,0,611,611,27835117888904,1777524070593333900
611,1,611,611,27834570449600,1777524070594836600
612,0,612,612,27835120287864,1777524070595839500
612,1,612,612,27834572847920,1777524070597839500
613,0,613,613,27835122685840,1777524070597839500
613,1,613,613,27834575245424,1777524070599839700
614,0,614,614,27835125084664,1777524070600839600
614,1,614,614,27834577644256,1777524070601839400
615,0,615,615,27835127482728,1777524070602839500
615,1,615,615,27834580042904,1777524070604839600
616,0,616,616,27835129880904,1777524070604839600
616,1,616,616,27834582440536,1777524070607345200
617,0,617,617,27835132279224,1777524070607942100
617,1,617,617,27834584839696,1777524070607942100
618,0,618,618,27835134677400,1777524070607942100
618,1,618,618,27834587237296,1777524070611431800
619,0,619,619,27835137076264,1777524070612434700
619,1,619,619,27834589635976,1777524070614444300
620,0,620,620,27835139474680,1777524070614444300
620,1,620,620,27834592033840,1777524070616446700
621,0,621,621,27835141872736,1777524070617449000
621,1,621,621,27834594432960,1777524070619452400
622,0,622,622,27835144270696,1777524070619452400
622,1,622,622,27834596830824,1777524070621644800
623,0,623,623,27835146668920,1777524070621644800
623,1,623,623,27834599228840,1777524070624419700
624,0,624,624,27835149067696,1777524070624419700
624,1,624,624,27834601627696,1777524070626078700
625,0,625,625,27835151465784,1777524070627110400
625,1,625,625,27834604025976,1777524070629137100
626,0,626,626,27835153864672,1777524070629137100
626,1,626,626,27834606424696,1777524070631136400
627,0,627,627,27835156262384,1777524070631136400
627,1,627,627,27834608823008,1777524070633136400
628,0,628,628,27835158660624,1777524070634136400
628,1,628,628,27834611220640,1777524070636136400
629,0,629,629,27835161059824,1777524070636136400
629,1,629,629,27834613619440,1777524070638148400
630,0,630,630,27835163457960,1777524070638148400
630,1,630,630,27834616017904,1777524070640669800
631,0,631,631,27835165855784,1777524070641231100
631,1,631,631,27834618415880,1777524070643394600
632,0,632,632,27835168253952,1777524070643394600
632,1,632,632,27834620814544,1777524070645898500
633,0,633,633,27835170652728,1777524070645898500
633,1,633,633,27834623212904,1777524070647902700
634,0,634,634,27835173050840,1777524070647902700
634,1,634,634,27834625611384,1777524070649902700
635,0,635,635,27835175449144,1777524070650902900
635,1,635,635,27834628009176,1777524070652902200
636,0,636,636,27835177847344,1777524070652902200
636,1,636,636,27834630408064,1777524070655408000
637,0,637,637,27835180245736,1777524070655408000
637,1,637,637,27834632805584,1777524070657596700
638,0,638,638,27835182644680,1777524070657596700
638,1,638,638,27834635204480,1777524070659647700
639,0,639,639,27835185042328,1777524070660652300
639,1,639,639,27834637602584,1777524070662152800
640,0,640,640,27835187440904,1777524070663155500
640,1,640,640,27834640000736,1777524070665159200
641,0,641,641,27835189839728,1777524070665159200
641,1,641,641,27834642399400,1777524070667022800
642,0,642,642,27835192237784,1777524070667022800
642,1,642,642,27834644797680,1777524070667022800
643,0,643,643,27835194635696,1777524070667022800
643,1,643,643,27834647195784,1777524070667022800
644,0,644,644,27835197034840,1777524070667022800
644,1,644,644,27834649594904,1777524070674490500
645,0,645,645,27835199432768,1777524070674490500
645,1,645,645,27834651992488,1777524070676496300
646,0,646,646,27835201830880,1777524070677495200
646,1,646,646,27834654391320,1777524070678998900
647,0,647,647,27835204229360,1777524070678998900
647,1,647,647,27834656789880,1777524070681508600
648,0,648,648,27835206627456,1777524070682515000
648,1,648,648,27834659188160,1777524070683090200
649,0,649,649,27835209025680,1777524070683090200
649,1,649,649,27834661585904,1777524070685617400
650,0,650,650,27835211424768,1777524070687120800
650,1,650,650,27834663984808,1777524070687120800
651,0,651,651,27835213822832,1777524070687120800
651,1,651,651,27834666382920,1777524070691157800
652,0,652,652,27835216220824,1777524070691661800
652,1,652,652,27834668780672,1777524070692298000
653,0,653,653,27835218619232,1777524070692298000
653,1,653,653,27834671179904,1777524070695037700
654,0,654,654,27835221017768,1777524070695037700
654,1,654,654,27834673577504,1777524070695037700
655,0,655,655,27835223415824,1777524070695037700
655,1,655,655,27834675975880,1777524070695037700
656,0,656,656,27835225814824,1777524070695037700
656,1,656,656,27834678374840,1777524070701677700
657,0,657,657,27835228212584,1777524070701677700
657,1,657,657,27834680772784,1777524070701677700
658,0,658,658,27835230611288,1777524070701677700
658,1,658,658,27834683170864,1777524070707782300
659,0,659,659,27835233009640,1777524070708787000
659,1,659,659,27834685569504,1777524070709785700
660,0,660,660,27835235408248,1777524070710785500
660,1,660,660,27834687967952,1777524070712288600
661,0,661,661,27835237806640,1777524070713291700
661,1,661,661,27834690365736,1777524070715292900
662,0,662,662,27835240204768,1777524070715292900
662,1,662,662,27834692764904,1777524070717291600
663,0,663,663,27835242603328,1777524070718291800
663,1,663,663,27834695162904,1777524070720291600
664,0,664,664,27835245000952,1777524070720291600
664,1,664,664,27834697561640,1777524070721796700
665,0,665,665,27835247399864,1777524070721796700
665,1,665,665,27834699959456,1777524070725083500
666,0,666,666,27835249797696,1777524070725083500
666,1,666,666,27834702357584,1777524070727086800
667,0,667,667,27835252196696,1777524070727086800
667,1,667,667,27834704755808,1777524070729592100
668,0,668,668,27835254594736,1777524070729592100
668,1,668,668,27834707154808,1777524070731592100
669,0,669,669,27835256992920,1777524070732592100
669,1,669,669,27834709552960,1777524070734592000
670,0,670,670,27835259391696,1777524070734592000
670,1,670,670,27834711950864,1777524070736592100
671,0,671,671,27835261789248,1777524070736592100
671,1,671,671,27834714349920,1777524070738592100
672,0,672,672,27835264187904,1777524070739591900
672,1,672,672,27834716747488,1777524070741097900
673,0,673,673,27835266586384,1777524070742180500
673,1,673,673,27834719145952,1777524070744060200
674,0,674,674,27835268984960,1777524070744060200
674,1,674,674,27834721544920,1777524070746567500
675,0,675,675,27835271382864,1777524070746567500
675,1,675,675,27834723943144,1777524070748567200
676,0,676,676,27835273781424,1777524070748567200
676,1,676,676,27834726340920,1777524070750567300
677,0,677,677,27835276179864,1777524070751567300
677,1,677,677,27834728739680,1777524070753567600
678,0,678,678,27835278577864,1777524070753567600
678,1,678,678,27834731137904,1777524070755625300
679,0,679,679,27835280975960,1777524070755625300
679,1,679,679,27834733536600,1777524070758329400
680,0,680,680,27835283375136,1777524070759197600
680,1,680,680,27834735934160,1777524070760316000
681,0,681,681,27835285772768,1777524070761315800
681,1,681,681,27834738333400,1777524070762558300
682,0,682,682,27835288171840,1777524070763557300
682,1,682,682,27834740731600,1777524070765565800
683,0,683,683,27835290569784,1777524070765565800
683,1,683,683,27834743129448,1777524070767557800
684,0,684,684,27835292967840,1777524070768557800
684,1,684,684,27834745527864,1777524070770569100
685,0,685,685,27835295366736,1777524070770569100
685,1,685,685,27834747926736,1777524070773072600
686,0,686,686,27835297764600,1777524070773072600
686,1,686,686,27834750324680,1777524070775409200
687,0,687,687,27835300162672,1777524070775409200
687,1,687,687,27834752723328,1777524070777420400
688,0,688,688,27835302560920,1777524070777420400
688,1,688,688,27834755121824,1777524070779533500
689,0,689,689,27835304959784,1777524070779533500
689,1,689,689,27834757519728,1777524070782249500
690,0,690,690,27835307358424,1777524070782249500
690,1,690,690,27834759918384,1777524070784248900
691,0,691,691,27835309756880,1777524070785248900
691,1,691,691,27834762316880,1777524070786753500
692,0,692,692,27835312154824,1777524070787756700
692,1,692,692,27834764714368,1777524070789756500
693,0,693,693,27835314552688,1777524070789756500
693,1,693,693,27834767112680,1777524070792236200
694,0,694,694,27835316951840,1777524070792621300
694,1,694,694,27834769511784,1777524070794642200
695,0,695,695,27835319349880,1777524070794642200
695,1,695,695,27834771909624,1777524070796816100
696,0,696,696,27835321747808,1777524070796816100
696,1,696,696,27834774307880,1777524070798816100
697,0,697,697,27835324146920,1777524070799816500
697,1,697,697,27834776706880,1777524070801816100
698,0,698,698,27835326545016,1777524070801816100
698,1,698,698,27834779104904,1777524070803822600
699,0,699,699,27835328943624,1777524070803822600
699,1,699,699,27834781502728,1777524070806334400
700,0,700,700,27835331341808,1777524070806334400
700,1,700,700,27834783901736,1777524070809064300
701,0,701,701,27835333739808,1777524070809064300
701,1,701,701,27834786299976,1777524070811169200
702,0,702,702,27835336138328,1777524070811169200
702,1,702,702,27834788698560,1777524070813391600
703,0,703,703,27835338536440,1777524070813391600
703,1,703,703,27834791096920,1777524070815382500
704,0,704,704,27835340934360,1777524070816382900
704,1,704,704,27834793494904,1777524070818382900
705,0,705,705,27835343332688,1777524070818382900
705,1,705,705,27834795893544,1777524070820888200
706,0,706,706,27835345731600,1777524070820888200
706,1,706,706,27834798291904,1777524070822901000
707,0,707,707,27835348129920,1777524070822901000
707,1,707,707,27834800689960,1777524070825592200
708,0,708,708,27835350528400,1777524070826316800
708,1,708,708,27834803087904,1777524070827819800
709,0,709,709,27835352926880,1777524070827819800
709,1,709,709,27834805486824,1777524070829822900
710,0,710,710,27835355324880,1777524070830822700
710,1,710,710,27834807884864,1777524070832823600
711,0,711,711,27835357723448,1777524070832823600
711,1,711,711,27834810283120,1777524070833590100
712,0,712,712,27835360121232,1777524070833590100
712,1,712,712,27834812681344,1777524070837552900
713,0,713,713,27835362519784,1777524070837552900
713,1,713,713,27834815080264,1777524070839874000
714,0,714,714,27835364917864,1777524070839874000
714,1,714,714,27834817478560,1777524070842202300
715,0,715,715,27835367316392,1777524070842202300
715,1,715,715,27834819876920,1777524070843202000
716,0,716,716,27835369714952,1777524070845213500
716,1,716,716,27834822274680,1777524070845213500
717,0,717,717,27835372112880,1777524070845213500
717,1,717,717,27834824672880,1777524070845213500
718,0,718,718,27835374511808,1777524070849915500
718,1,718,718,27834827071104,1777524070851918500
719,0,719,719,27835376910256,1777524070851918500
719,1,719,719,27834829469976,1777524070853584700
720,0,720,720,27835379308296,1777524070853584700
720,1,720,720,27834831868728,1777524070853584700
721,0,721,721,27835381706384,1777524070853584700
721,1,721,721,27834834266808,1777524070859464600
722,0,722,722,27835384105400,1777524070859464600
722,1,722,722,27834836664840,1777524070860983200
723,0,723,723,27835386503488,1777524070861999100
723,1,723,723,27834839063736,1777524070863997900
724,0,724,724,27835388901728,1777524070863997900
724,1,724,724,27834841461456,1777524070865997500
725,0,725,725,27835391299736,1777524070865997500
725,1,725,725,27834843860400,1777524070868378100
726,0,726,726,27835393698304,1777524070869378600
726,1,726,726,27834846257920,1777524070871418000
727,0,727,727,27835396096840,1777524070871418000
727,1,727,727,27834848656808,1777524070872929900
728,0,728,728,27835398494920,1777524070873937100
728,1,728,728,27834851055304,1777524070875938000
729,0,729,729,27835400893256,1777524070875938000
729,1,729,729,27834853453488,1777524070877196100
730,0,730,730,27835403291840,1777524070878700400
730,1,730,730,27834855851920,1777524070880219500
731,0,731,731,27835405689880,1777524070881212400
731,1,731,731,27834858250016,1777524070882717400
732,0,732,732,27835408087920,1777524070883718100
732,1,732,732,27834860648160,1777524070885724500
733,0,733,733,27835410486824,1777524070885724500
733,1,733,733,27834863046728,1777524070887507900
734,0,734,734,27835412884920,1777524070888529100
734,1,734,734,27834865444840,1777524070890527900
735,0,735,735,27835415282880,1777524070890527900
735,1,735,735,27834867842960,1777524070892380800
736,0,736,736,27835417681920,1777524070893402500
736,1,736,736,27834870241880,1777524070894931200
737,0,737,737,27835420079904,1777524070894931200
737,1,737,737,27834872639808,1777524070896937100
738,0,738,738,27835422478104,1777524070897929400
738,1,738,738,27834875037904,1777524070899935000
739,0,739,739,27835424876384,1777524070899935000
739,1,739,739,27834877436952,1777524070901928700
740,0,740,740,27835427274880,1777524070902929400
740,1,740,740,27834879834624,1777524070904929200
741,0,741,741,27835429673160,1777524070904929200
741,1,741,741,27834882232952,1777524070906440400
742,0,742,742,27835432072136,1777524070907447400
742,1,742,742,27834884631400,1777524070909227100
743,0,743,743,27835434470560,1777524070910228500
743,1,743,743,27834887030400,1777524070911740000
744,0,744,744,27835436868784,1777524070911740000
744,1,744,744,27834889428680,1777524070913755300
745,0,745,745,27835439266808,1777524070914747400
745,1,745,745,27834891826296,1777524070916753300
746,0,746,746,27835441664920,1777524070917200200
746,1,746,746,27834894224736,1777524070917200200
747,0,747,747,27835444063240,1777524070917200200
747,1,747,747,27834896623920,1777524070920145100
748,0,748,748,27835446461840,1777524070920145100
748,1,748,748,27834899021960,1777524070920145100
749,0,749,749,27835448859880,1777524070924509700
749,1,749,749,27834901419736,1777524070926614200
750,0,750,750,27835451258536,1777524070926614200
750,1,750,750,27834903818952,1777524070928750700
751,0,751,751,27835453656920,1777524070928750700
751,1,751,751,27834906216904,1777524070930743100
752,0,752,752,27835456055544,1777524070931743600
752,1,752,752,27834908615240,1777524070933743100
753,0,753,753,27835458453840,1777524070933743100
753,1,753,753,27834911013224,1777524070935748600
754,0,754,754,27835460851728,1777524070935748600
754,1,754,754,27834913411840,1777524070937751000
755,0,755,755,27835463249904,1777524070938742800
755,1,755,755,27834915810640,1777524070940890600
756,0,756,756,27835465648296,1777524070940890600
756,1,756,756,27834918208904,1777524070942891700
757,0,757,757,27835468046384,1777524070942891700
757,1,757,757,27834920606424,1777524070945423300
758,0,758,758,27835470444920,1777524070945423300
758,1,758,758,27834923005288,1777524070947428700
759,0,759,759,27835472843952,1777524070948430800
759,1,759,759,27834925403920,1777524070950428800
760,0,760,760,27835475241696,1777524070950428800
760,1,760,760,27834927801952,1777524070951344500
761,0,761,761,27835477639880,1777524070953348700
761,1,761,761,27834930199824,1777524070953348700
762,0,762,762,27835480038880,1777524070953348700
762,1,762,762,27834932598880,1777524070957740000
763,0,763,763,27835482437120,1777524070957740000
763,1,763,763,27834934996808,1777524070958744500
764,0,764,764,27835484835424,1777524070958744500
764,1,764,764,27834937394840,1777524070960865100
765,0,765,765,27835487233296,1777524070960865100
765,1,765,765,27834939793344,1777524070960865100
766,0,766,766,27835489632184,1777524070960865100
766,1,766,766,27834942191680,1777524070960865100
767,0,767,767,27835492029880,1777524070960865100
767,1,767,767,27834944590120,1777524070968846200
768,0,768,768,27835494428880,1777524070968846200
768,1,768,768,27834946988952,1777524070972100900
769,0,769,769,27835496827264,1777524070972100900
769,1,769,769,27834949386696,1777524070973105000
770,0,770,770,27835499224864,1777524070974553000
770,1,770,770,27834951785384,1777524070976967400
771,0,771,771,27835501623384,1777524070976967400
771,1,771,771,27834954183184,1777524070977978500
772,0,772,772,27835504021904,1777524070979654300
772,1,772,772,27834956582256,1777524070980666900
773,0,773,773,27835506420704,1777524070980666900
773,1,773,773,27834958980368,1777524070984176000
774,0,774,774,27835508818920,1777524070984176000
774,1,774,774,27834961378424,1777524070985177100
775,0,775,775,27835511216960,1777524070986680300
775,1,775,775,27834963776600,1777524070988693500
776,0,776,776,27835513615728,1777524070988693500
776,1,776,776,27834966174960,1777524070990684200
777,0,777,777,27835516013600,1777524070990684200
777,1,777,777,27834968573320,1777524070993060400
778,0,778,778,27835518411864,1777524070994049400
778,1,778,778,27834970971584,1777524070995568900
779,0,779,779,27835520810232,1777524070995568900
779,1,779,779,27834973370736,1777524070997570300
780,0,780,780,27835523208960,1777524070998562500
780,1,780,780,27834975768880,1777524071000583000
781,0,781,781,27835525607288,1777524071000583000
781,1,781,781,27834978166952,1777524071002584300
782,0,782,782,27835528005328,1777524071003575300
782,1,782,782,27834980565696,1777524071005581800
783,0,783,783,27835530403920,1777524071005581800
783,1,783,783,27834982963920,1777524071007886900
784,0,784,784,27835532802512,1777524071007886900
784,1,784,784,27834985361920,1777524071010541800
785,0,785,785,27835535200864,1777524071010541800
785,1,785,785,27834987760296,1777524071012057900
786,0,786,786,27835537598696,1777524071013051000
786,1,786,786,27834990158240,1777524071015050300
787,0,787,787,27835539996880,1777524071015050300
787,1,787,787,27834992556696,1777524071017403300
788,0,788,788,27835542395600,1777524071017403300
788,1,788,788,27834994955672,1777524071019917100
789,0,789,789,27835544793464,1777524071019917100
789,1,789,789,27834997353808,1777524071021923500
790,0,790,790,27835547191728,1777524071021923500
790,1,790,790,27834999752392,1777524071024395500
791,0,791,791,27835549590880,1777524071024395500
791,1,791,791,27835002150728,1777524071026869200
792,0,792,792,27835551988680,1777524071027375300
792,1,792,792,27835004548424,1777524071029384300
793,0,793,793,27835554386680,1777524071029384300
793,1,793,793,27835006946808,1777524071031383900
794,0,794,794,27835556785920,1777524071032378700
794,1,794,794,27835009345680,1777524071033145100
795,0,795,795,27835559183920,1777524071033145100
795,1,795,795,27835011743840,1777524071033145100
796,0,796,796,27835561581824,1777524071033145100
796,1,796,796,27835014141808,1777524071033145100
797,0,797,797,27835563980880,1777524071033145100
797,1,797,797,27835016540680,1777524071041104400
798,0,798,798,27835566378880,1777524071041104400
798,1,798,798,27835018939104,1777524071042110100
799,0,799,799,27835568776920,1777524071044251400
799,1,799,799,27835021336824,1777524071044251400
800,0,800,800,27835571175904,1777524071044251400
800,1,800,800,27835023735864,1777524071044251400
801,0,801,801,27835573573960,1777524071044251400
801,1,801,801,27835026133680,1777524071044251400
802,0,802,802,27835575971920,1777524071044251400
802,1,802,802,27835028532600,1777524071053062700
803,0,803,803,27835578370920,1777524071053062700
803,1,803,803,27835030930624,1777524071053062700
804,0,804,804,27835580768808,1777524071053062700
804,1,804,804,27835033328736,1777524071057771900
805,0,805,805,27835583167384,1777524071058776000
805,1,805,805,27835035726680,1777524071060785800
806,0,806,806,27835585565256,1777524071060785800
806,1,806,806,27835038125448,1777524071063058200
807,0,807,807,27835587963512,1777524071063058200
807,1,807,807,27835040524168,1777524071065059300
808,0,808,808,27835590361840,1777524071065059300
808,1,808,808,27835042922240,1777524071068050700
809,0,809,809,27835592760904,1777524071068050700
809,1,809,809,27835045320672,1777524071070051900
810,0,810,810,27835595158640,1777524071070051900
810,1,810,810,27835047718864,1777524071072059500
811,0,811,811,27835597556840,1777524071072059500
811,1,811,811,27835050117176,1777524071074956800
812,0,812,812,27835599955952,1777524071074956800
812,1,812,812,27835052515920,1777524071077471800
813,0,813,813,27835602353920,1777524071077471800
813,1,813,813,27835054913824,1777524071079482300
814,0,814,814,27835604751824,1777524071079482300
814,1,814,814,27835057312080,1777524071080962400
815,0,815,815,27835607150288,1777524071082501000
815,1,815,815,27835059710904,1777524071084515500
816,0,816,816,27835609548536,1777524071084515500
816,1,816,816,27835062108400,1777524071086560700
817,0,817,817,27835611947560,1777524071087565000
817,1,817,817,27835064507200,1777524071089570900
818,0,818,818,27835614345584,1777524071089570900
818,1,818,818,27835066905544,1777524071091846500
819,0,819,819,27835616743768,1777524071092470600
819,1,819,819,27835069303920,1777524071093973700
820,0,820,820,27835619141904,1777524071093973700
820,1,820,820,27835071701840,1777524071095985400
821,0,821,821,27835621540952,1777524071096976900
821,1,821,821,27835074100864,1777524071098983400
822,0,822,822,27835623938696,1777524071098983400
822,1,822,822,27835076498680,1777524071100984800
823,0,823,823,27835626337464,1777524071101977800
823,1,823,823,27835078897424,1777524071103977200
824,0,824,824,27835628735952,1777524071103977200
824,1,824,824,27835081295880,1777524071105982500
825,0,825,825,27835631133840,1777524071105982500
825,1,825,825,27835083694424,1777524071107748300
826,0,826,826,27835633532784,1777524071107748300
826,1,826,826,27835086091976,1777524071110685800
827,0,827,827,27835635930328,1777524071110685800
827,1,827,827,27835088490960,1777524071110685800
828,0,828,828,27835638328904,1777524071110685800
828,1,828,828,27835090888824,1777524071110685800
829,0,829,829,27835640727768,1777524071110685800
829,1,829,829,27835093287736,1777524071117159000
830,0,830,830,27835643125256,1777524071117159000
830,1,830,830,27835095685728,1777524071119946500
831,0,831,831,27835645524504,1777524071119946500
831,1,831,831,27835098083824,1777524071119946500
832,0,832,832,27835647922840,1777524071119946500
832,1,832,832,27835100482160,1777524071125273500
833,0,833,833,27835650320640,1777524071125273500
833,1,833,833,27835102880864,1777524071127476600
834,0,834,834,27835652719304,1777524071127476600
834,1,834,834,27835105278904,1777524071127476600
835,0,835,835,27835655116904,1777524071127476600
835,1,835,835,27835107676880,1777524071127476600
836,0,836,836,27835657515880,1777524071127476600
836,1,836,836,27835110075840,1777524071127476600
837,0,837,837,27835659914416,1777524071127476600
837,1,837,837,27835112474280,1777524071137359000
838,0,838,838,27835662312400,1777524071137359000
838,1,838,838,27835114871880,1777524071139347200
839,0,839,839,27835664710384,1777524071140336900
839,1,839,839,27835117270736,1777524071142320100
840,0,840,840,27835667108728,1777524071142320100
840,1,840,840,27835119668920,1777524071144118900
841,0,841,841,27835669507680,1777524071145275300
841,1,841,841,27835122067864,1777524071146980600
842,0,842,842,27835671905880,1777524071146980600
842,1,842,842,27835124465736,1777524071149002800
843,0,843,843,27835674304296,1777524071149002800
843,1,843,843,27835126863976,1777524071152002800
844,0,844,844,27835676702400,1777524071152002800
844,1,844,844,27835129261960,1777524071154171700
845,0,845,845,27835679100728,1777524071154171700
845,1,845,845,27835131660952,1777524071155069500
846,0,846,846,27835681498904,1777524071155069500
846,1,846,846,27835134058952,1777524071158798600
847,0,847,847,27835683897680,1777524071158798600
847,1,847,847,27835136456960,1777524071161333800
848,0,848,848,27835686295952,1777524071161333800
848,1,848,848,27835138855840,1777524071163332000
849,0,849,849,27835688693840,1777524071164331900
849,1,849,849,27835141253904,1777524071164331900
850,0,850,850,27835691092736,1777524071164331900
850,1,850,850,27835143651976,1777524071164331900
851,0,851,851,27835693490840,1777524071164331900
851,1,851,851,27835146050768,1777524071164331900
852,0,852,852,27835695888920,1777524071164331900
852,1,852,852,27835148448768,1777524071173610200
853,0,853,853,27835698287824,1777524071173610200
853,1,853,853,27835150847864,1777524071175626900
854,0,854,854,27835700685880,1777524071175626900
854,1,854,854,27835153245904,1777524071178152600
855,0,855,855,27835703084008,1777524071178152600
855,1,855,855,27835155643840,1777524071180692500
856,0,856,856,27835705482144,1777524071180692500
856,1,856,856,27835158042640,1777524071182682000
857,0,857,857,27835707880384,1777524071182682000
857,1,857,857,27835160440952,1777524071185070300
858,0,858,858,27835710279488,1777524071185070300
858,1,858,858,27835162838864,1777524071187582500
859,0,859,859,27835712677952,1777524071187582500
859,1,859,859,27835165237904,1777524071190120600
860,0,860,860,27835715075840,1777524071190120600
860,1,860,860,27835167635904,1777524071192582600
861,0,861,861,27835717473864,1777524071192582600
861,1,861,861,27835170033808,1777524071195116800
862,0,862,862,27835719872808,1777524071195116800
862,1,862,862,27835172432256,1777524071197122300
863,0,863,863,27835722270456,1777524071197122300
863,1,863,863,27835174830840,1777524071199123300
864,0,864,864,27835724668904,1777524071200116000
864,1,864,864,27835177228960,1777524071202122200
865,0,865,865,27835727067904,1777524071202122200
865,1,865,865,27835179627736,1777524071204116900
866,0,866,866,27835729465784,1777524071205117100
866,1,866,866,27835182025504,1777524071207122700
867,0,867,867,27835731864008,1777524071207122700
867,1,867,867,27835184424680,1777524071209103200
868,0,868,868,27835734262424,1777524071209103200
868,1,868,868,27835186822808,1777524071211750900
869,0,869,869,27835736661424,1777524071211750900
869,1,869,869,27835189220864,1777524071213743500
870,0,870,870,27835739059384,1777524071213743500
870,1,870,870,27835191619728,1777524071216744100
871,0,871,871,27835741457240,1777524071216744100
871,1,871,871,27835194017904,1777524071217754800
872,0,872,872,27835743855864,1777524071219258700
872,1,872,872,27835196416424,1777524071221263000
873,0,873,873,27835746254624,1777524071221263000
873,1,873,873,27835198813904,1777524071223270800
874,0,874,874,27835748652920,1777524071224371100
874,1,874,874,27835201212824,1777524071225747400
875,0,875,875,27835751050696,1777524071225747400
875,1,875,875,27835203610920,1777524071228395300
876,0,876,876,27835753448864,1777524071228395300
876,1,876,876,27835206009784,1777524071230397500
877,0,877,877,27835755847920,1777524071231390000
877,1,877,877,27835208407640,1777524071233395100
878,0,878,878,27835758245736,1777524071233395100
878,1,878,878,27835210805904,1777524071235394900
879,0,879,879,27835760643880,1777524071235394900
879,1,879,879,27835213204768,1777524071237401000
880,0,880,880,27835763042904,1777524071238389000
880,1,880,880,27835215602456,1777524071240395700
881,0,881,881,27835765440880,1777524071240395700
881,1,881,881,27835218000624,1777524071242497500
882,0,882,882,27835767838920,1777524071242497500
882,1,882,882,27835220399296,1777524071245221600
883,0,883,883,27835770237952,1777524071245221600
883,1,883,883,27835222797920,1777524071247221200
884,0,884,884,27835772635640,1777524071248215900
884,1,884,884,27835225195560,1777524071250225300
885,0,885,885,27835775034736,1777524071250225300
885,1,885,885,27835227594008,1777524071252732400
886,0,886,886,27835777433176,1777524071252732400
886,1,886,886,27835229993104,1777524071252732400
887,0,887,887,27835779831240,1777524071252732400
887,1,887,887,27835232390952,1777524071252732400
888,0,888,888,27835782229680,1777524071257894300
888,1,888,888,27835234788976,1777524071258862400
889,0,889,889,27835784627680,1777524071258862400
889,1,889,889,27835237187808,1777524071260886500
890,0,890,890,27835787025840,1777524071260886500
890,1,890,890,27835239585920,1777524071260886500
891,0,891,891,27835789424864,1777524071260886500
891,1,891,891,27835241984768,1777524071260886500
892,0,892,892,27835791822920,1777524071260886500
892,1,892,892,27835244382680,1777524071268307000
893,0,893,893,27835794220736,1777524071268307000
893,1,893,893,27835246780864,1777524071268307000
894,0,894,894,27835796619904,1777524071268307000
894,1,894,894,27835249179840,1777524071273898100
895,0,895,895,27835799017920,1777524071274536500
895,1,895,895,27835251578088,1777524071276572300
896,0,896,896,27835801415728,1777524071276572300
896,1,896,896,27835253976384,1777524071278082300
897,0,897,897,27835803814904,1777524071278082300
897,1,897,897,27835256374640,1777524071280597100
898,0,898,898,27835806212768,1777524071281589900
898,1,898,898,27835258772600,1777524071283094200
899,0,899,899,27835808610904,1777524071284097300
899,1,899,899,27835261170952,1777524071286097300
900,0,900,900,27835811009736,1777524071286097300
900,1,900,900,27835263569680,1777524071288124500
901,0,901,901,27835813407960,1777524071289118400
901,1,901,901,27835265967920,1777524071290119000
902,0,902,902,27835815806400,1777524071290119000
902,1,902,902,27835268365864,1777524071292595700
903,0,903,903,27835818204016,1777524071292595700
903,1,903,903,27835270764824,1777524071295126300
904,0,904,904,27835820602920,1777524071296117900
904,1,904,904,27835273162840,1777524071298118200
905,0,905,905,27835823000736,1777524071298118200
905,1,905,905,27835275560880,1777524071300154300
906,0,906,906,27835825399768,1777524071300154300
906,1,906,906,27835277959960,1777524071302165400
907,0,907,907,27835827797840,1777524071303153100
907,1,907,907,27835280357920,1777524071305161400
908,0,908,908,27835830196544,1777524071305161400
908,1,908,908,27835282755904,1777524071307764500
909,0,909,909,27835832594920,1777524071307764500
909,1,909,909,27835285154864,1777524071310224000
910,0,910,910,27835834993256,1777524071310729800
910,1,910,910,27835287552736,1777524071312732400
911,0,911,911,27835837391392,1777524071312732400
911,1,911,911,27835289950824,1777524071314739000
912,0,912,912,27835839789344,1777524071314739000
912,1,912,912,27835292349640,1777524071316741500
913,0,913,913,27835842187864,1777524071317732600
913,1,913,913,27835294748344,1777524071319243500
914,0,914,914,27835844586600,1777524071319243500
914,1,914,914,27835297145768,1777524071321527000
915,0,915,915,27835846984808,1777524071322517600
915,1,915,915,27835299544768,1777524071324434600
916,0,916,916,27835849383016,1777524071324434600
916,1,916,916,27835301942904,1777524071326479600
917,0,917,917,27835851781560,1777524071327471900
917,1,917,917,27835304341080,1777524071328996600
918,0,918,918,27835854179808,1777524071328996600
918,1,918,918,27835306739544,1777524071330998500
919,0,919,919,27835856578368,1777524071331990600
919,1,919,919,27835309137824,1777524071333997900
920,0,920,920,27835858975880,1777524071333997900
920,1,920,920,27835311536624,1777524071335998000
921,0,921,921,27835861374400,1777524071336991000
921,1,921,921,27835313934200,1777524071338997100
922,0,922,922,27835863773320,1777524071338997100
922,1,922,922,27835316333344,1777524071341057000
923,0,923,923,27835866171456,1777524071341057000
923,1,923,923,27835318731576,1777524071343766700
924,0,924,924,27835868569696,1777524071343766700
924,1,924,924,27835321129488,1777524071345781500
925,0,925,925,27835870967696,1777524071345781500
925,1,925,925,27835323528240,1777524071347785200
926,0,926,926,27835873366696,1777524071348773400
926,1,926,926,27835325926784,1777524071350778900
927,0,927,927,27835875764864,1777524071350778900
927,1,927,927,27835328324784,1777524071353297900
928,0,928,928,27835878162680,1777524071353297900
928,1,928,928,27835330722864,1777524071355300400
929,0,929,929,27835880560920,1777524071355300400
929,1,929,929,27835333121672,1777524071357853200
930,0,930,930,27835882959920,1777524071357853200
930,1,930,930,27835335519696,1777524071359314800
931,0,931,931,27835885357976,1777524071360910800
931,1,931,931,27835337918392,1777524071362920700
932,0,932,932,27835887756008,1777524071362920700
932,1,932,932,27835340316184,1777524071364922900
933,0,933,933,27835890154728,1777524071364922900
933,1,933,933,27835342714456,1777524071366924400
934,0,934,934,27835892552920,1777524071367913500
934,1,934,934,27835345112544,1777524071369919700
935,0,935,935,27835894951840,1777524071369919700
935,1,935,935,27835347511840,1777524071371922900
936,0,936,936,27835897349680,1777524071372914600
936,1,936,936,27835349909808,1777524071374432400
937,0,937,937,27835899747904,1777524071375459000
937,1,937,937,27835352307768,1777524071376865700
938,0,938,938,27835902146008,1777524071376865700
938,1,938,938,27835354706824,1777524071379869000
939,0,939,939,27835904545232,1777524071379869000
939,1,939,939,27835357104824,1777524071381926800
940,0,940,940,27835906943400,1777524071381926800
940,1,940,940,27835359503368,1777524071384457000
941,0,941,941,27835909341736,1777524071384457000
941,1,941,941,27835361901840,1777524071386990600
942,0,942,942,27835911739824,1777524071386990600
942,1,942,942,27835364299784,1777524071388507300
943,0,943,943,27835914137952,1777524071389498600
943,1,943,943,27835366697976,1777524071391199600
944,0,944,944,27835916536840,1777524071392077300
944,1,944,944,27835369095920,1777524071393393400
945,0,945,945,27835918934904,1777524071394384900
945,1,945,945,27835371494880,1777524071396554500
946,0,946,946,27835921332904,1777524071396554500
946,1,946,946,27835373892880,1777524071398555500
947,0,947,947,27835923731672,1777524071398555500
947,1,947,947,27835376291160,1777524071400558000
948,0,948,948,27835926129784,1777524071401549900
948,1,948,948,27835378689296,1777524071403799400
949,0,949,949,27835928527920,1777524071403799400
949,1,949,949,27835381088576,1777524071405799400
950,0,950,950,27835930926920,1777524071405799400
950,1,950,950,27835383486768,1777524071407860000
951,0,951,951,27835933324368,1777524071408728100
951,1,951,951,27835385884728,1777524071410538600
952,0,952,952,27835935723424,1777524071410538600
952,1,952,952,27835388282824,1777524071410538600
953,0,953,953,27835938121808,1777524071410538600
953,1,953,953,27835390681920,1777524071410538600
954,0,954,954,27835940519960,1777524071410538600
954,1,954,954,27835393079840,1777524071410538600
955,0,955,955,27835942917832,1777524071410538600
955,1,955,955,27835395477880,1777524071419340400
956,0,956,956,27835945316920,1777524071419340400
956,1,956,956,27835397876880,1777524071419340400
957,0,957,957,27835947714864,1777524071419340400
957,1,957,957,27835400274960,1777524071425397800
958,0,958,958,27835950112960,1777524071425397800
958,1,958,958,27835402672728,1777524071427409200
959,0,959,959,27835952511176,1777524071427409200
959,1,959,959,27835405071952,1777524071429708000
960,0,960,960,27835954909864,1777524071429708000
960,1,960,960,27835407469920,1777524071432320000
961,0,961,961,27835957307832,1777524071432320000
961,1,961,961,27835409867880,1777524071432320000
962,0,962,962,27835959706664,1777524071432320000
962,1,962,962,27835412266920,1777524071432320000
963,0,963,963,27835962104920,1777524071432320000
963,1,963,963,27835414664904,1777524071432320000
964,0,964,964,27835964502960,1777524071432320000
964,1,964,964,27835417062824,1777524071441813400
965,0,965,965,27835966901840,1777524071441813400
965,1,965,965,27835419461824,1777524071443991100
966,0,966,966,27835969300400,1777524071443991100
966,1,966,966,27835421859960,1777524071443991100
967,0,967,967,27835971698728,1777524071443991100
967,1,967,967,27835424258520,1777524071443991100
968,0,968,968,27835974096920,1777524071443991100
968,1,968,968,27835426656384,1777524071451470000
969,0,969,969,27835976494880,1777524071451470000
969,1,969,969,27835429055144,1777524071452474100
970,0,970,970,27835978892920,1777524071452474100
970,1,970,970,27835431453528,1777524071452474100
971,0,971,971,27835981291168,1777524071452474100
971,1,971,971,27835433851736,1777524071458813100
972,0,972,972,27835983689904,1777524071458813100
972,1,972,972,27835436250248,1777524071461349500
973,0,973,973,27835986088560,1777524071461349500
973,1,973,973,27835438648488,1777524071463352700
974,0,974,974,27835988486904,1777524071463352700
974,1,974,974,27835441046864,1777524071465354300
975,0,975,975,27835990884488,1777524071466346600
975,1,975,975,27835443444880,1777524071468355100
976,0,976,976,27835993283392,1777524071468355100
976,1,976,976,27835445842952,1777524071470353500
977,0,977,977,27835995681904,1777524071471346500
977,1,977,977,27835448241344,1777524071472353600
978,0,978,978,27835998079584,1777524071472353600
978,1,978,978,27835450639864,1777524071475712900
979,0,979,979,27836000478528,1777524071475712900
979,1,979,979,27835453038680,1777524071477232100
980,0,980,980,27836002876864,1777524071478248900
980,1,980,980,27835455436568,1777524071479760600
981,0,981,981,27836005274920,1777524071480768100
981,1,981,981,27835457834880,1777524071482774100
982,0,982,982,27836007672904,1777524071482774100
982,1,982,982,27835460233560,1777524071484291700
983,0,983,983,27836010072160,1777524071484291700
983,1,983,983,27835462631960,1777524071487798000
984,0,984,984,27836012469904,1777524071487798000
984,1,984,984,27835465029784,1777524071489803400
985,0,985,985,27836014868864,1777524071489803400
985,1,985,985,27835467427952,1777524071492145500
986,0,986,986,27836017266960,1777524071492145500
986,1,986,986,27835469826904,1777524071494325400
987,0,987,987,27836019664880,1777524071494325400
987,1,987,987,27835472224736,1777524071494325400
988,0,988,988,27836022063560,1777524071494325400
988,1,988,988,27835474623824,1777524071494325400
989,0,989,989,27836024461880,1777524071494325400
989,1,989,989,27835477021640,1777524071494325400
990,0,990,990,27836026859880,1777524071502194600
990,1,990,990,27835479419672,1777524071502194600
991,0,991,991,27836029258840,1777524071502194600
991,1,991,991,27835481818680,1777524071502194600
992,0,992,992,27836031656864,1777524071507281500
992,1,992,992,27835484216952,1777524071508299000
993,0,993,993,27836034055488,1777524071508299000
993,1,993,993,27835486615400,1777524071510339700
994,0,994,994,27836036453016,1777524071510339700
994,1,994,994,27835489013504,1777524071512370800
995,0,995,995,27836038851736,1777524071512370800
995,1,995,995,27835491412048,1777524071512370800
996,0,996,996,27836041249784,1777524071512370800
996,1,996,996,27835493810384,1777524071512370800
997,0,997,997,27836043648160,1777524071518960900
997,1,997,997,27835496208328,1777524071518960900
998,0,998,998,27836046046296,1777524071518960900
998,1,998,998,27835498606864,1777524071522853800
999,0,999,999,27836048444728,1777524071522853800
999,1,999,999,27835501004808,1777524071525631000
1000,0,1000,1000,27836050843672,1777524071525631000
1000,1,1000,1000,27835503403840,1777524071527673900
1001,0,1001,1001,27836053241880,1777524071527673900
1001,1,1001,1001,27835505802288,1777524071527673900
1002,0,1002,1002,27836055640184,1777524071527673900
1002,1,1002,1002,27835508200512,1777524071533002900
1003,0,1003,1003,27836058038168,1777524071533002900
1003,1,1003,1003,27835510598880,1777524071533002900
1004,0,1004,1004,27836060436424,1777524071533002900
1004,1,1004,1004,27835512996808,1777524071537074500
1005,0,1005,1005,27836062834952,1777524071537074500
1005,1,1005,1005,27835515394864,1777524071540513300
1006,0,1006,1006,27836065233840,1777524071540513300
1006,1,1006,1006,27835517793960,1777524071540513300
1007,0,1007,1007,27836067632256,1777524071540513300
1007,1,1007,1007,27835520191864,1777524071543756100
1008,0,1008,1008,27836070029840,1777524071545690200
1008,1,1008,1008,27835522590064,1777524071545690200
1009,0,1009,1009,27836072428864,1777524071545690200
1009,1,1009,1009,27835524988880,1777524071545690200
1010,0,1010,1010,27836074826920,1777524071545690200
1010,1,1010,1010,27835527386864,1777524071552232500
1011,0,1011,1011,27836077225160,1777524071552232500
1011,1,1011,1011,27835529784808,1777524071554765100
1012,0,1012,1012,27836079623808,1777524071554765100
1012,1,1012,1012,27835532183424,1777524071556138700
1013,0,1013,1013,27836082021880,1777524071556138700
1013,1,1013,1013,27835534581768,1777524071558886200
1014,0,1014,1014,27836084419880,1777524071558886200
1014,1,1014,1014,27835536980400,1777524071560894800
1015,0,1015,1015,27836086818920,1777524071560894800
1015,1,1015,1015,27835539378680,1777524071564352200
1016,0,1016,1016,27836089217064,1777524071564352200
1016,1,1016,1016,27835541776464,1777524071564352200
1017,0,1017,1017,27836091615344,1777524071564352200
1017,1,1017,1017,27835544175424,1777524071564352200
1018,0,1018,1018,27836094013904,1777524071564352200
1018,1,1018,1018,27835546573568,1777524071564352200
1019,0,1019,1019,27836096411584,1777524071564352200
1019,1,1019,1019,27835548971672,1777524071573786700
1020,0,1020,1020,27836098809920,1777524071573786700
1020,1,1020,1020,27835551369768,1777524071573786700
1021,0,1021,1021,27836101208728,1777524071573786700
1021,1,1021,1021,27835553768784,1777524071577119000
1022,0,1022,1022,27836103606680,1777524071577119000
1022,1,1022,1022,27835556166952,1777524071579643700
1023,0,1023,1023,27836106004904,1777524071579643700
1023,1,1023,1023,27835558564824,1777524071579643700
1024,0,1024,1024,27836108403648,1777524071584091900
1024,1,1024,1024,27835560963920,1777524071585638100
1025,0,1025,1025,27836110802392,1777524071585638100
1025,1,1025,1025,27835563361864,1777524071585638100
1026,0,1026,1026,27836113199920,1777524071585638100
1026,1,1026,1026,27835565759904,1777524071589887300
1027,0,1027,1027,27836115598728,1777524071589887300
1027,1,1027,1027,27835568158976,1777524071592390800
1028,0,1028,1028,27836117996920,1777524071592390800
1028,1,1028,1028,27835570556528,1777524071594401000
1029,0,1029,1029,27836120395672,1777524071594401000
1029,1,1029,1029,27835572954840,1777524071594401000
1030,0,1030,1030,27836122793696,1777524071594401000
1030,1,1030,1030,27835575353952,1777524071594401000
1031,0,1031,1031,27836125191672,1777524071594401000
1031,1,1031,1031,27835577751920,1777524071594401000
1032,0,1032,1032,27836127590256,1777524071594401000
1032,1,1032,1032,27835580150768,1777524071604461500
1033,0,1033,1033,27836129988624,1777524071604461500
1033,1,1033,1033,27835582548920,1777524071607224400
1034,0,1034,1034,27836132386736,1777524071607224400
1034,1,1034,1034,27835584946904,1777524071607224400
1035,0,1035,1035,27836134785696,1777524071607224400
1035,1,1035,1035,27835587344904,1777524071610618700
1036,0,1036,1036,27836137183880,1777524071610618700
1036,1,1036,1036,27835589743920,1777524071614555300
1037,0,1037,1037,27836139582416,1777524071614555300
1037,1,1037,1037,27835592141952,1777524071614555300
1038,0,1038,1038,27836141980384,1777524071614555300
1038,1,1038,1038,27835594539880,1777524071618845900
1039,0,1039,1039,27836144378416,1777524071618845900
1039,1,1039,1039,27835596938880,1777524071618845900
1040,0,1040,1040,27836146776880,1777524071618845900
1040,1,1040,1040,27835599336880,1777524071618845900
1041,0,1041,1041,27836149175224,1777524071624633800
1041,1,1041,1041,27835601735880,1777524071625636600
1042,0,1042,1042,27836151573400,1777524071625636600
1042,1,1042,1042,27835604133960,1777524071627646000
1043,0,1043,1043,27836153971704,1777524071627646000
1043,1,1043,1043,27835606531960,1777524071627646000
1044,0,1044,1044,27836156370328,1777524071627646000
1044,1,1044,1044,27835608930784,1777524071627646000
1045,0,1045,1045,27836158768880,1777524071627646000
1045,1,1045,1045,27835611328736,1777524071634785100
1046,0,1046,1046,27836161166640,1777524071634785100
1046,1,1046,1046,27835613726920,1777524071634785100
1047,0,1047,1047,27836163565840,1777524071634785100
1047,1,1047,1047,27835616125640,1777524071640413000
1048,0,1048,1048,27836165963696,1777524071640413000
1048,1,1048,1048,27835618523920,1777524071640413000
1049,0,1049,1049,27836168362008,1777524071644014600
1049,1,1049,1049,27835620921952,1777524071645035400
1050,0,1050,1050,27836170760728,1777524071645035400
1050,1,1050,1050,27835623320672,1777524071645035400
1051,0,1051,1051,27836173158384,1777524071645035400
1051,1,1051,1051,27835625718680,1777524071645035400
1052,0,1052,1052,27836175557368,1777524071645035400
1052,1,1052,1052,27835628117160,1777524071652014900
1053,0,1053,1053,27836177955368,1777524071652014900
1053,1,1053,1053,27835630515016,1777524071655292900
1054,0,1054,1054,27836180353728,1777524071655292900
1054,1,1054,1054,27835632913680,1777524071655292900
1055,0,1055,1055,27836182751728,1777524071655292900
1055,1,1055,1055,27835635311864,1777524071658691000
1056,0,1056,1056,27836185150960,1777524071660700700
1056,1,1056,1056,27835637710824,1777524071661210200
1057,0,1057,1057,27836187548904,1777524071661210200
1057,1,1057,1057,27835640108880,1777524071665304400
1058,0,1058,1058,27836189946696,1777524071665304400
1058,1,1058,1058,27835642506952,1777524071665304400
1059,0,1059,1059,27836192345624,1777524071665304400
1059,1,1059,1059,27835644905328,1777524071665304400
1060,0,1060,1060,27836194744328,1777524071665304400
1060,1,1060,1060,27835647303880,1777524071665304400
1061,0,1061,1061,27836197141960,1777524071665304400
1061,1,1061,1061,27835649701864,1777524071673591600
1062,0,1062,1062,27836199540904,1777524071675335700
1062,1,1062,1062,27835652100904,1777524071677339200
1063,0,1063,1063,27836201938904,1777524071677339200
1063,1,1063,1063,27835654498736,1777524071677339200
1064,0,1064,1064,27836204336880,1777524071679847500
1064,1,1064,1064,27835656896880,1777524071679847500
1065,0,1065,1065,27836206735768,1777524071679847500
1065,1,1065,1065,27835659295672,1777524071679847500
1066,0,1066,1066,27836209133904,1777524071684753800
1066,1,1066,1066,27835661693728,1777524071685276500
1067,0,1067,1067,27836211531880,1777524071685276500
1067,1,1067,1067,27835664091736,1777524071688834800
1068,0,1068,1068,27836213930920,1777524071688834800
1068,1,1068,1068,27835666490904,1777524071688834800
1069,0,1069,1069,27836216329304,1777524071688834800
1069,1,1069,1069,27835668888624,1777524071692183900
1070,0,1070,1070,27836218727392,1777524071694193200
1070,1,1070,1070,27835671286952,1777524071695702300
1071,0,1071,1071,27836221125400,1777524071695702300
1071,1,1071,1071,27835673685728,1777524071695702300
1072,0,1072,1072,27836223523664,1777524071695702300
1072,1,1072,1072,27835676083768,1777524071695702300
1073,0,1073,1073,27836225921880,1777524071695702300
1073,1,1073,1073,27835678482640,1777524071695702300
1074,0,1074,1074,27836228320920,1777524071695702300
1074,1,1074,1074,27835680880504,1777524071705832300
1075,0,1075,1075,27836230718808,1777524071706839000
1075,1,1075,1075,27835683279088,1777524071706839000
1076,0,1076,1076,27836233117424,1777524071706839000
1076,1,1076,1076,27835685676904,1777524071710515600
1077,0,1077,1077,27836235515400,1777524071710515600
1077,1,1077,1077,27835688075880,1777524071710515600
1078,0,1078,1078,27836237914400,1777524071710515600
1078,1,1078,1078,27835690473768,1777524071710515600
1079,0,1079,1079,27836240312824,1777524071710515600
1079,1,1079,1079,27835692871920,1777524071716267100
1080,0,1080,1080,27836242710784,1777524071716267100
1080,1,1080,1080,27835695270808,1777524071720245000
1081,0,1081,1081,27836245109112,1777524071720245000
1081,1,1081,1081,27835697668808,1777524071720245000
1082,0,1082,1082,27836247507560,1777524071720245000
1082,1,1082,1082,27835700067088,1777524071720245000
1083,0,1083,1083,27836249905904,1777524071725503200
1083,1,1083,1083,27835702465728,1777524071727532400
1084,0,1084,1084,27836252304400,1777524071727532400
1084,1,1084,1084,27835704864264,1777524071728528900
1085,0,1085,1085,27836254702584,1777524071728528900
1085,1,1085,1085,27835707262736,1777524071728528900
1086,0,1086,1086,27836257100696,1777524071728528900
1086,1,1086,1086,27835709660808,1777524071728528900
1087,0,1087,1087,27836259498808,1777524071728528900
1087,1,1087,1087,27835712058904,1777524071736858800
1088,0,1088,1088,27836261897808,1777524071736858800
1088,1,1088,1088,27835714456904,1777524071736858800
1089,0,1089,1089,27836264296232,1777524071736858800
1089,1,1089,1089,27835716855920,1777524071740102800
1090,0,1090,1090,27836266693880,1777524071740102800
1090,1,1090,1090,27835719253864,1777524071743855700
1091,0,1091,1091,27836269092680,1777524071743855700
1091,1,1091,1091,27835721652808,1777524071743855700
1092,0,1092,1092,27836271490960,1777524071746905900
1092,1,1092,1092,27835724050920,1777524071749088700
1093,0,1093,1093,27836273888960,1777524071749088700
1093,1,1093,1093,27835726449424,1777524071750679100
1094,0,1094,1094,27836276287160,1777524071750679100
1094,1,1094,1094,27835728847424,1777524071753279900
1095,0,1095,1095,27836278685600,1777524071754278900
1095,1,1095,1095,27835731245256,1777524071756283600
1096,0,1096,1096,27836281084160,1777524071756283600
1096,1,1096,1096,27835733643864,1777524071757839900
1097,0,1097,1097,27836283482880,1777524071759254100
1097,1,1097,1097,27835736042696,1777524071760890600
1098,0,1098,1098,27836285880424,1777524071760890600
1098,1,1098,1098,27835738440904,1777524071762898100
1099,0,1099,1099,27836288279392,1777524071763898100
1099,1,1099,1099,27835740838880,1777524071765902800
1100,0,1100,1100,27836290677784,1777524071765902800
1100,1,1100,1100,27835743237864,1777524071768213900
1101,0,1101,1101,27836293075904,1777524071768213900
1101,1,1101,1101,27835745635952,1777524071770318300
1102,0,1102,1102,27836295474016,1777524071770318300
1102,1,1102,1102,27835748033960,1777524071772307400
1103,0,1103,1103,27836297872736,1777524071773308200
1103,1,1103,1103,27835750432384,1777524071775482000
1104,0,1104,1104,27836300270880,1777524071775482000
1104,1,1104,1104,27835752830808,1777524071777989400
1105,0,1105,1105,27836302668960,1777524071777989400
1105,1,1105,1105,27835755228784,1777524071779990100
1106,0,1106,1106,27836305067904,1777524071779990100
1106,1,1106,1106,27835757627456,1777524071782208700
1107,0,1107,1107,27836307465384,1777524071782208700
1107,1,1107,1107,27835760025456,1777524071785200600
1108,0,1108,1108,27836309864328,1777524071785200600
1108,1,1108,1108,27835762423880,1777524071787399100
1109,0,1109,1109,27836312262560,1777524071787399100
1109,1,1109,1109,27835764822560,1777524071789796000
1110,0,1110,1110,27836314660952,1777524071789796000
1110,1,1110,1110,27835767220400,1777524071792170600
1111,0,1111,1111,27836317058840,1777524071792170600
1111,1,1111,1111,27835769619160,1777524071794592000
1112,0,1112,1112,27836319457864,1777524071794592000
1112,1,1112,1112,27835772017368,1777524071794592000
1113,0,1113,1113,27836321855952,1777524071794592000
1113,1,1113,1113,27835774415864,1777524071794592000
1114,0,1114,1114,27836324254728,1777524071794592000
1114,1,1114,1114,27835776813840,1777524071801104100
1115,0,1115,1115,27836326652784,1777524071801104100
1115,1,1115,1115,27835779212904,1777524071801104100
1116,0,1116,1116,27836329050736,1777524071801104100
1116,1,1116,1116,27835781610664,1777524071801104100
1117,0,1117,1117,27836331449560,1777524071806910200
1117,1,1117,1117,27835784009064,1777524071806910200
1118,0,1118,1118,27836333847920,1777524071806910200
1118,1,1118,1118,27835786407680,1777524071811202100
1119,0,1119,1119,27836336245976,1777524071811202100
1119,1,1119,1119,27835788805640,1777524071811202100
1120,0,1120,1120,27836338644368,1777524071811202100
1120,1,1120,1120,27835791203904,1777524071811202100
1121,0,1121,1121,27836341042576,1777524071811202100
1121,1,1121,1121,27835793602568,1777524071811202100
1122,0,1122,1122,27836343441016,1777524071819036900
1122,1,1122,1122,27835796000768,1777524071819036900
1123,0,1123,1123,27836345838920,1777524071821300500
1123,1,1123,1123,27835798399120,1777524071821300500
1124,0,1124,1124,27836348237640,1777524071821300500
1124,1,1124,1124,27835800797768,1777524071825617900
1125,0,1125,1125,27836350635880,1777524071825617900
1125,1,1125,1125,27835803195504,1777524071827656700
1126,0,1126,1126,27836353034696,1777524071827656700
1126,1,1126,1126,27835805594384,1777524071827656700
1127,0,1127,1127,27836355432864,1777524071827656700
1127,1,1127,1127,27835807992840,1777524071831399600
1128,0,1128,1128,27836357830680,1777524071831399600
1128,1,1128,1128,27835810391320,1777524071831399600
1129,0,1129,1129,27836360229672,1777524071831399600
1129,1,1129,1129,27835812789808,1777524071831399600
1130,0,1130,1130,27836362628160,1777524071831399600
1130,1,1130,1130,27835815187664,1777524071839992600
1131,0,1131,1131,27836365025768,1777524071839992600
1131,1,1131,1131,27835817585864,1777524071841754900
1132,0,1132,1132,27836367423920,1777524071841754900
1132,1,1132,1132,27835819984224,1777524071843584500
1133,0,1133,1133,27836369822880,1777524071843584500
1133,1,1133,1133,27835822382808,1777524071843584500
1134,0,1134,1134,27836372220864,1777524071843584500
1134,1,1134,1134,27835824781144,1777524071843584500
1135,0,1135,1135,27836374618904,1777524071843584500
1135,1,1135,1135,27835827179736,1777524071852348300
1136,0,1136,1136,27836377017736,1777524071852348300
1136,1,1136,1136,27835829577960,1777524071852348300
1137,0,1137,1137,27836379416392,1777524071852348300
1137,1,1137,1137,27835831976464,1777524071852348300
1138,0,1138,1138,27836381814384,1777524071852348300
1138,1,1138,1138,27835834374640,1777524071858995500
1139,0,1139,1139,27836384212880,1777524071858995500
1139,1,1139,1139,27835836772808,1777524071861033600
1140,0,1140,1140,27836386610768,1777524071861033600
1140,1,1140,1140,27835839170728,1777524071864144900
1141,0,1141,1141,27836389009544,1777524071864144900
1141,1,1141,1141,27835841569400,1777524071864144900
1142,0,1142,1142,27836391407736,1777524071864144900
1142,1,1142,1142,27835843967696,1777524071864144900
1143,0,1143,1143,27836393806296,1777524071864144900
1143,1,1143,1143,27835846365824,1777524071864144900
1144,0,1144,1144,27836396204904,1777524071864144900
1144,1,1144,1144,27835848764480,1777524071873577200
1145,0,1145,1145,27836398602680,1777524071873577200
1145,1,1145,1145,27835851162680,1777524071873577200
1146,0,1146,1146,27836401000904,1777524071873577200
1146,1,1146,1146,27835853560880,1777524071876982700
1147,0,1147,1147,27836403399784,1777524071876982700
1147,1,1147,1147,27835855959488,1777524071880267400
1148,0,1148,1148,27836405797368,1777524071880267400
1148,1,1148,1148,27835858357824,1777524071880267400
1149,0,1149,1149,27836408195904,1777524071883585100
1149,1,1149,1149,27835860755808,1777524071885603500
1150,0,1150,1150,27836410593976,1777524071885603500
1150,1,1150,1150,27835863154824,1777524071885603500
1151,0,1151,1151,27836412992880,1777524071885603500
1151,1,1151,1151,27835865552840,1777524071885603500
1152,0,1152,1152,27836415390672,1777524071885603500
1152,1,1152,1152,27835867951560,1777524071892187000
1153,0,1153,1153,27836417789560,1777524071892187000
1153,1,1153,1153,27835870349784,1777524071894196300
1154,0,1154,1154,27836420187344,1777524071894196300
1154,1,1154,1154,27835872747768,1777524071894196300
1155,0,1155,1155,27836422586600,1777524071894196300
1155,1,1155,1155,27835875145824,1777524071894196300
1156,0,1156,1156,27836424984384,1777524071894196300
1156,1,1156,1156,27835877544584,1777524071894196300
1157,0,1157,1157,27836427382384,1777524071894196300
1157,1,1157,1157,27835879943248,1777524071904243400
1158,0,1158,1158,27836429780960,1777524071904243400
1158,1,1158,1158,27835882340680,1777524071906934500
1159,0,1159,1159,27836432179120,1777524071906934500
1159,1,1159,1159,27835884739048,1777524071906934500
1160,0,1160,1160,27836434577840,1777524071906934500
1160,1,1160,1160,27835887137640,1777524071910353700
1161,0,1161,1161,27836436975824,1777524071910353700
1161,1,1161,1161,27835889535904,1777524071914358100
1162,0,1162,1162,27836439374920,1777524071914358100
1162,1,1162,1162,27835891934880,1777524071914358100
1163,0,1163,1163,27836441772904,1777524071914358100
1163,1,1163,1163,27835894333008,1777524071919108000
1164,0,1164,1164,27836444171696,1777524071919108000
1164,1,1164,1164,27835896731680,1777524071919108000
1165,0,1165,1165,27836446569672,1777524071919108000
1165,1,1165,1165,27835899129904,1777524071924397400
1166,0,1166,1166,27836448967440,1777524071924397400
1166,1,1166,1166,27835901527904,1777524071925401200
1167,0,1167,1167,27836451365808,1777524071925401200
1167,1,1167,1167,27835903926448,1777524071927409900
1168,0,1168,1168,27836453764928,1777524071927409900
1168,1,1168,1168,27835906324208,1777524071927409900
1169,0,1169,1169,27836456163400,1777524071927409900
1169,1,1169,1169,27835908722640,1777524071927409900
1170,0,1170,1170,27836458561424,1777524071927409900
1170,1,1170,1170,27835911121160,1777524071934474200
1171,0,1171,1171,27836460959400,1777524071934474200
1171,1,1171,1171,27835913519120,1777524071934474200
1172,0,1172,1172,27836463357952,1777524071934474200
1172,1,1172,1172,27835915917696,1777524071940040800
1173,0,1173,1173,27836465756672,1777524071940040800
1173,1,1173,1173,27835918315880,1777524071943381900
1174,0,1174,1174,27836468154960,1777524071943381900
1174,1,1174,1174,27835920714304,1777524071945338700
1175,0,1175,1175,27836470552880,1777524071945338700
1175,1,1175,1175,27835923112952,1777524071945338700
1176,0,1176,1176,27836472951120,1777524071945338700
1176,1,1176,1176,27835925511680,1777524071945338700
1177,0,1177,1177,27836475349448,1777524071945338700
1177,1,1177,1177,27835927909728,1777524071952186000
1178,0,1178,1178,27836477748264,1777524071952186000
1178,1,1178,1178,27835930307880,1777524071955298300
1179,0,1179,1179,27836480145904,1777524071955298300
1179,1,1179,1179,27835932705960,1777524071958020900
1180,0,1180,1180,27836482544880,1777524071958020900
1180,1,1180,1180,27835935104904,1777524071960077300
1181,0,1181,1181,27836484943456,1777524071960424200
1181,1,1181,1181,27835937502640,1777524071962437600
1182,0,1182,1182,27836487341840,1777524071962437600
1182,1,1182,1182,27835939900920,1777524071964436100
1183,0,1183,1183,27836489739824,1777524071965428700
1183,1,1183,1183,27835942299728,1777524071967428100
1184,0,1184,1184,27836492138384,1777524071967428100
1184,1,1184,1184,27835944697960,1777524071969441200
1185,0,1185,1185,27836494536784,1777524071969441200
1185,1,1185,1185,27835947095864,1777524071971428800
1186,0,1186,1186,27836496934288,1777524071972430000
1186,1,1186,1186,27835949494296,1777524071974487400
1187,0,1187,1187,27836499333424,1777524071974487400
1187,1,1187,1187,27835951892960,1777524071976911700
1188,0,1188,1188,27836501731344,1777524071976911700
1188,1,1188,1188,27835954291840,1777524071977946200
1189,0,1189,1189,27836504130120,1777524071977946200
1189,1,1189,1189,27835956689280,1777524071980456000
1190,0,1190,1190,27836506528344,1777524071980456000
1190,1,1190,1190,27835959087840,1777524071980456000
1191,0,1191,1191,27836508926384,1777524071980456000
1191,1,1191,1191,27835961485904,1777524071985906100
1192,0,1192,1192,27836511324784,1777524071985906100
1192,1,1192,1192,27835963884424,1777524071985906100
1193,0,1193,1193,27836513722920,1777524071985906100
1193,1,1193,1193,27835966283488,1777524071989701700
1194,0,1194,1194,27836516121736,1777524071991713600
1194,1,1194,1194,27835968681584,1777524071993736000
1195,0,1195,1195,27836518519696,1777524071993736000
1195,1,1195,1195,27835971079528,1777524071995279500
1196,0,1196,1196,27836520918560,1777524071995279500
1196,1,1196,1196,27835973477952,1777524071995279500
1197,0,1197,1197,27836523316144,1777524071995279500
1197,1,1197,1197,27835975876864,1777524071995279500
1198,0,1198,1198,27836525715064,1777524071995279500
1198,1,1198,1198,27835978274368,1777524071995279500
1199,0,1199,1199,27836528113368,1777524071995279500
1199,1,1199,1199,27835980672696,1777524072005481100
1200,0,1200,1200,27836530511424,1777524072005481100
1200,1,1200,1200,27835983071680,1777524072006487200
1201,0,1201,1201,27836532909920,1777524072006487200
1201,1,1201,1201,27835985469824,1777524072009769700
1202,0,1202,1202,27836535307696,1777524072009769700
1202,1,1202,1202,27835987867640,1777524072009769700
1203,0,1203,1203,27836537706424,1777524072009769700
1203,1,1203,1203,27835990266904,1777524072009769700
1204,0,1204,1204,27836540105240,1777524072015514300
1204,1,1204,1204,27835992664952,1777524072015514300
1205,0,1205,1205,27836542502784,1777524072015514300
1205,1,1205,1205,27835995062880,1777524072018530200
1206,0,1206,1206,27836544901824,1777524072018530200
1206,1,1206,1206,27835997461568,1777524072018530200
1207,0,1207,1207,27836547299920,1777524072018530200
1207,1,1207,1207,27835999859920,1777524072018530200
1208,0,1208,1208,27836549697920,1777524072025035500
1208,1,1208,1208,27836002257728,1777524072026813800
1209,0,1209,1209,27836552096808,1777524072026813800
1209,1,1209,1209,27836004656504,1777524072026813800
1210,0,1210,1210,27836554494880,1777524072026813800
1210,1,1210,1210,27836007054696,1777524072026813800
1211,0,1211,1211,27836556892960,1777524072026813800
1211,1,1211,1211,27836009453328,1777524072026813800
1212,0,1212,1212,27836559291904,1777524072026813800
1212,1,1212,1212,27836011851528,1777524072035227600
1213,0,1213,1213,27836561689864,1777524072035227600
1213,1,1213,1213,27836014249808,1777524072035227600
1214,0,1214,1214,27836564087952,1777524072035227600
1214,1,1214,1214,27836016648672,1777524072039863500
1215,0,1215,1215,27836566486824,1777524072039863500
1215,1,1215,1215,27836019046400,1777524072043120500
1216,0,1216,1216,27836568884840,1777524072043120500
1216,1,1216,1216,27836021444864,1777524072045700900
1217,0,1217,1217,27836571282960,1777524072045700900
1217,1,1217,1217,27836023842960,1777524072045700900
1218,0,1218,1218,27836573681728,1777524072045700900
1218,1,1218,1218,27836026241920,1777524072045700900
1219,0,1219,1219,27836576079920,1777524072045700900
1219,1,1219,1219,27836028639920,1777524072051955000
1220,0,1220,1220,27836578477864,1777524072051955000
1220,1,1220,1220,27836031038320,1777524072055855500
1221,0,1221,1221,27836580876840,1777524072055855500
1221,1,1221,1221,27836033436840,1777524072058224000
1222,0,1222,1222,27836583274960,1777524072058224000
1222,1,1222,1222,27836035834880,1777524072060251000
1223,0,1223,1223,27836585672808,1777524072060251000
1223,1,1223,1223,27836038232952,1777524072060251000
1224,0,1224,1224,27836588071952,1777524072060251000
1224,1,1224,1224,27836040631424,1777524072060251000
1225,0,1225,1225,27836590470240,1777524072065860400
1225,1,1225,1225,27836043030064,1777524072065860400
1226,0,1226,1226,27836592867840,1777524072065860400
1226,1,1226,1226,27836045428416,1777524072065860400
1227,0,1227,1227,27836595266784,1777524072065860400
1227,1,1227,1227,27836047826680,1777524072065860400
1228,0,1228,1228,27836597665144,1777524072073248800
1228,1,1228,1228,27836050224840,1777524072073248800
1229,0,1229,1229,27836600063296,1777524072073248800
1229,1,1229,1229,27836052622920,1777524072076639800
1230,0,1230,1230,27836602461384,1777524072076639800
1230,1,1230,1230,27836055021864,1777524072078667300
1231,0,1231,1231,27836604859864,1777524072078667300
1231,1,1231,1231,27836057419952,1777524072080669500
1232,0,1232,1232,27836607258424,1777524072080669500
1232,1,1232,1232,27836059817864,1777524072080669500
1233,0,1233,1233,27836609656448,1777524072085309200
1233,1,1233,1233,27836062216920,1777524072086332700
1234,0,1234,1234,27836612054880,1777524072086332700
1234,1,1234,1234,27836064614808,1777524072086332700
1235,0,1235,1235,27836614453864,1777524072086332700
1235,1,1235,1235,27836067013768,1777524072091327200
1236,0,1236,1236,27836616851328,1777524072091327200
1236,1,1236,1236,27836069411296,1777524072093337200
1237,0,1237,1237,27836619250200,1777524072093337200
1237,1,1237,1237,27836071810424,1777524072097029500
1238,0,1238,1238,27836621648736,1777524072097029500
1238,1,1238,1238,27836074208680,1777524072099184700
1239,0,1239,1239,27836624046784,1777524072099184700
1239,1,1239,1239,27836076606240,1777524072099184700
1240,0,1240,1240,27836626444864,1777524072099184700
1240,1,1240,1240,27836079005384,1777524072099184700
1241,0,1241,1241,27836628842952,1777524072099184700
1241,1,1241,1241,27836081402920,1777524072106567900
1242,0,1242,1242,27836631241824,1777524072106567900
1242,1,1242,1242,27836083801880,1777524072106567900
1243,0,1243,1243,27836633639904,1777524072106567900
1243,1,1243,1243,27836086200144,1777524072110321700
1244,0,1244,1244,27836636037952,1777524072110321700
1244,1,1244,1244,27836088598672,1777524072110321700
1245,0,1245,1245,27836638436952,1777524072110321700
1245,1,1245,1245,27836090996544,1777524072110321700
1246,0,1246,1246,27836640834824,1777524072110321700
1246,1,1246,1246,27836093394672,1777524072118355100
1247,0,1247,1247,27836643233880,1777524072118920900
1247,1,1247,1247,27836095793328,1777524072119913500
1248,0,1248,1248,27836645631400,1777524072119913500
1248,1,1248,1248,27836098191424,1777524072119913500
1249,0,1249,1249,27836648030400,1777524072119913500
1249,1,1249,1249,27836100589840,1777524072124447100
1250,0,1250,1250,27836650428808,1777524072124447100
1250,1,1250,1250,27836102988584,1777524072127108300
1251,0,1251,1251,27836652826560,1777524072127108300
1251,1,1251,1251,27836105386920,1777524072127108300
1252,0,1252,1252,27836655225288,1777524072127108300
1252,1,1252,1252,27836107784864,1777524072127108300
1253,0,1253,1253,27836657623256,1777524072127108300
1253,1,1253,1253,27836110183840,1777524072127108300
1254,0,1254,1254,27836660021920,1777524072127108300
1254,1,1254,1254,27836112581728,1777524072136874900
1255,0,1255,1255,27836662419920,1777524072136874900
1255,1,1255,1255,27836114979904,1777524072139676900
1256,0,1256,1256,27836664818736,1777524072139676900
1256,1,1256,1256,27836117378696,1777524072139676900
1257,0,1257,1257,27836667216696,1777524072139676900
1257,1,1257,1257,27836119776424,1777524072143646500
1258,0,1258,1258,27836669614904,1777524072143646500
1258,1,1258,1258,27836122175664,1777524072146951400
1259,0,1259,1259,27836672013880,1777524072148018400
1259,1,1259,1259,27836124573920,1777524072149033900
1260,0,1260,1260,27836674411680,1777524072150022000
1260,1,1260,1260,27836126971600,1777524072151539600
1261,0,1261,1261,27836676810480,1777524072152551500
1261,1,1261,1261,27836129369920,1777524072153550700
1262,0,1262,1262,27836679208400,1777524072154878200
1262,1,1262,1262,27836131768464,1777524072156808500
1263,0,1263,1263,27836681606952,1777524072156808500
1263,1,1263,1263,27836134166680,1777524072158950200
1264,0,1264,1264,27836684004824,1777524072158950200
1264,1,1264,1264,27836136565600,1777524072160958800
1265,0,1265,1265,27836686403960,1777524072161959700
1265,1,1265,1265,27836138963560,1777524072163923900
1266,0,1266,1266,27836688801584,1777524072163923900
1266,1,1266,1266,27836141362384,1777524072163923900
1267,0,1267,1267,27836691200600,1777524072163923900
1267,1,1267,1267,27836143760256,1777524072163923900
1268,0,1268,1268,27836693598904,1777524072163923900
1268,1,1268,1268,27836146158248,1777524072163923900
1269,0,1269,1269,27836695996624,1777524072163923900
1269,1,1269,1269,27836148556784,1777524072173673800
1270,0,1270,1270,27836698395344,1777524072173673800
1270,1,1270,1270,27836150955464,1777524072174768600
1271,0,1271,1271,27836700793224,1777524072174768600
1271,1,1271,1271,27836153353840,1777524072177478300
1272,0,1272,1272,27836703191512,1777524072177478300
1272,1,1272,1272,27836155751904,1777524072180591600
1273,0,1273,1273,27836705589824,1777524072180591600
1273,1,1273,1273,27836158149920,1777524072180591600
1274,0,1274,1274,27836707988920,1777524072180591600
1274,1,1274,1274,27836160548696,1777524072184837100
1275,0,1275,1275,27836710386784,1777524072184837100
1275,1,1275,1275,27836162946608,1777524072186909800
1276,0,1276,1276,27836712785784,1777524072186909800
1276,1,1276,1276,27836165345672,1777524072189054900
1277,0,1277,1277,27836715183840,1777524072189054900
1277,1,1277,1277,27836167743904,1777524072192380300
1278,0,1278,1278,27836717581600,1777524072193381500
1278,1,1278,1278,27836170141584,1777524072195113200
1279,0,1279,1279,27836719980384,1777524072195113200
1279,1,1279,1279,27836172539920,1777524072197137600
1280,0,1280,1280,27836722378584,1777524072197137600
1280,1,1280,1280,27836174938344,1777524072200130500
1281,0,1281,1281,27836724776960,1777524072200130500
1281,1,1281,1281,27836177336736,1777524072202137500
1282,0,1282,1282,27836727174920,1777524072202137500
1282,1,1282,1282,27836179735544,1777524072204130500
1283,0,1283,1283,27836729573528,1777524072205130900
1283,1,1283,1283,27836182133840,1777524072207208400
1284,0,1284,1284,27836731971784,1777524072207208400
1284,1,1284,1284,27836184531728,1777524072208986000
1285,0,1285,1285,27836734370584,1777524072209985500
1285,1,1285,1285,27836186930440,1777524072212096800
1286,0,1286,1286,27836736768904,1777524072212096800
1286,1,1286,1286,27836189328640,1777524072214299900
1287,0,1287,1287,27836739166696,1777524072214299900
1287,1,1287,1287,27836191726728,1777524072216428900
1288,0,1288,1288,27836741565808,1777524072216428900
1288,1,1288,1288,27836194125864,1777524072218951800
1289,0,1289,1289,27836743963288,1777524072218951800
1289,1,1289,1289,27836196523784,1777524072220948600
1290,0,1290,1290,27836746361680,1777524072221949200
1290,1,1290,1290,27836198921768,1777524072222949100
1291,0,1291,1291,27836748760768,1777524072224491500
1291,1,1291,1291,27836201320784,1777524072226494500
1292,0,1292,1292,27836751158424,1777524072226494500
1292,1,1292,1292,27836203718768,1777524072226494500
1293,0,1293,1293,27836753556904,1777524072226494500
1293,1,1293,1293,27836206117544,1777524072226494500
1294,0,1294,1294,27836755955824,1777524072226494500
1294,1,1294,1294,27836208514920,1777524072226494500
1295,0,1295,1295,27836758353768,1777524072226494500
1295,1,1295,1295,27836210913920,1777524072235739500
1296,0,1296,1296,27836760751960,1777524072235739500
1296,1,1296,1296,27836213311864,1777524072235739500
1297,0,1297,1297,27836763149960,1777524072235739500
1297,1,1297,1297,27836215710880,1777524072239421000
1298,0,1298,1298,27836765548400,1777524072239421000
1298,1,1298,1298,27836218108864,1777524072243134200
1299,0,1299,1299,27836767946864,1777524072243134200
1299,1,1299,1299,27836220506840,1777524072243134200
1300,0,1300,1300,27836770345488,1777524072245799700
1300,1,1300,1300,27836222905640,1777524072245799700
1301,0,1301,1301,27836772743416,1777524072245799700
1301,1,1301,1301,27836225304144,1777524072245799700
1302,0,1302,1302,27836775142608,1777524072245799700
1302,1,1302,1302,27836227702424,1777524072251613500
1303,0,1303,1303,27836777540680,1777524072251613500
1303,1,1303,1303,27836230100904,1777524072251613500
1304,0,1304,1304,27836779938368,1777524072251613500
1304,1,1304,1304,27836232498920,1777524072257525700
1305,0,1305,1305,27836782336768,1777524072258197400
1305,1,1305,1305,27836234896824,1777524072259870500
1306,0,1306,1306,27836784735880,1777524072259870500
1306,1,1306,1306,27836237295904,1777524072261882500
1307,0,1307,1307,27836787133736,1777524072261882500
1307,1,1307,1307,27836239693840,1777524072264665000
1308,0,1308,1308,27836789531952,1777524072264665000
1308,1,1308,1308,27836242091952,1777524072267136300
1309,0,1309,1309,27836791930840,1777524072267136300
1309,1,1309,1309,27836244490920,1777524072269136300
1310,0,1310,1310,27836794328880,1777524072269136300
1310,1,1310,1310,27836246888952,1777524072271130300
1311,0,1311,1311,27836796727296,1777524072271130300
1311,1,1311,1311,27836249287120,1777524072274449300
1312,0,1312,1312,27836799125920,1777524072274449300
1312,1,1312,1312,27836251685288,1777524072276464600
1313,0,1313,1313,27836801523696,1777524072276464600
1313,1,1313,1313,27836254083920,1777524072276464600
1314,0,1314,1314,27836803922512,1777524072276464600
1314,1,1314,1314,27836256481728,1777524072280783600
1315,0,1315,1315,27836806320920,1777524072280783600
1315,1,1315,1315,27836258880344,1777524072283987100
1316,0,1316,1316,27836808718544,1777524072283987100
1316,1,1316,1316,27836261278904,1777524072284989500
1317,0,1317,1317,27836811116864,1777524072284989500
1317,1,1317,1317,27836263677696,1777524072287004000
1318,0,1318,1318,27836813515504,1777524072287004000
1318,1,1318,1318,27836266075240,1777524072290890400
1319,0,1319,1319,27836815913864,1777524072291432200
1319,1,1319,1319,27836268474008,1777524072292867100
1320,0,1320,1320,27836818312064,1777524072292867100
1320,1,1320,1320,27836270872680,1777524072294376300
1321,0,1321,1321,27836820710416,1777524072294376300
1321,1,1321,1321,27836273270728,1777524072294376300
1322,0,1322,1322,27836823108768,1777524072294376300
1322,1,1322,1322,27836275668704,1777524072294376300
1323,0,1323,1323,27836825507728,1777524072294376300
1323,1,1323,1323,27836278066784,1777524072294376300
1324,0,1324,1324,27836827905904,1777524072294376300
1324,1,1324,1324,27836280465672,1777524072304770400
1325,0,1325,1325,27836830304264,1777524072304770400
1325,1,1325,1325,27836282863920,1777524072306274100
1326,0,1326,1326,27836832701824,1777524072306274100
1326,1,1326,1326,27836285262568,1777524072309614400
1327,0,1327,1327,27836835100544,1777524072309614400
1327,1,1327,1327,27836287660864,1777524072309614400
1328,0,1328,1328,27836837499296,1777524072309614400
1328,1,1328,1328,27836290058904,1777524072314870100
1329,0,1329,1329,27836839897200,1777524072314870100
1329,1,1329,1329,27836292457488,1777524072314870100
1330,0,1330,1330,27836842295344,1777524072314870100
1330,1,1330,1330,27836294855640,1777524072318267500
1331,0,1331,1331,27836844693904,1777524072318267500
1331,1,1331,1331,27836297253864,1777524072318267500
1332,0,1332,1332,27836847092736,1777524072318267500
1332,1,1332,1332,27836299651920,1777524072318267500
1333,0,1333,1333,27836849490920,1777524072324937700
1333,1,1333,1333,27836302050904,1777524072325956300
1334,0,1334,1334,27836851888768,1777524072325956300
1334,1,1334,1334,27836304448640,1777524072325956300
1335,0,1335,1335,27836854287640,1777524072325956300
1335,1,1335,1335,27836306847696,1777524072325956300
1336,0,1336,1336,27836856685952,1777524072325956300
1336,1,1336,1336,27836309245680,1777524072325956300
1337,0,1337,1337,27836859083864,1777524072325956300
1337,1,1337,1337,27836311644088,1777524072335056200
1338,0,1338,1338,27836861482680,1777524072335056200
1338,1,1338,1338,27836314042784,1777524072335056200
1339,0,1339,1339,27836863880880,1777524072339313000
1339,1,1339,1339,27836316440952,1777524072339313000
1340,0,1340,1340,27836866278952,1777524072339313000
1340,1,1340,1340,27836318838600,1777524072342703800
1341,0,1341,1341,27836868677504,1777524072342703800
1341,1,1341,1341,27836321237600,1777524072345496900
1342,0,1342,1342,27836871075840,1777524072345496900
1342,1,1342,1342,27836323635808,1777524072345496900
1343,0,1343,1343,27836873473768,1777524072345496900
1343,1,1343,1343,27836326034304,1777524072345496900
1344,0,1344,1344,27836875871952,1777524072345496900
1344,1,1344,1344,27836328432664,1777524072351600100
1345,0,1345,1345,27836878270448,1777524072351600100
1345,1,1345,1345,27836330830840,1777524072355640000
1346,0,1346,1346,27836880668672,1777524072355640000
1346,1,1346,1346,27836333228904,1777524072358360600
1347,0,1347,1347,27836883067824,1777524072358360600
1347,1,1347,1347,27836335627728,1777524072359378900
1348,0,1348,1348,27836885465920,1777524072359378900
1348,1,1348,1348,27836338025416,1777524072359378900
1349,0,1349,1349,27836887863952,1777524072359378900
1349,1,1349,1349,27836340423672,1777524072359378900
1350,0,1350,1350,27836890262880,1777524072365673900
1350,1,1350,1350,27836342822736,1777524072366514800
1351,0,1351,1351,27836892661144,1777524072366514800
1351,1,1351,1351,27836345220840,1777524072366514800
1352,0,1352,1352,27836895059368,1777524072366514800
1352,1,1352,1352,27836347619248,1777524072372429100
1353,0,1353,1353,27836897457424,1777524072372429100
1353,1,1353,1353,27836350017904,1777524072372429100
1354,0,1354,1354,27836899856160,1777524072372429100
1354,1,1354,1354,27836352415600,1777524072377399600
1355,0,1355,1355,27836902254120,1777524072377399600
1355,1,1355,1355,27836354814520,1777524072378931500
1356,0,1356,1356,27836904652784,1777524072378931500
1356,1,1356,1356,27836357212808,1777524072380945900
1357,0,1357,1357,27836907050920,1777524072380945900
1357,1,1357,1357,27836359610664,1777524072380945900
1358,0,1358,1358,27836909448952,1777524072385033500
1358,1,1358,1358,27836362008824,1777524072387063000
1359,0,1359,1359,27836911847728,1777524072387063000
1359,1,1359,1359,27836364407680,1777524072387063000
1360,0,1360,1360,27836914245880,1777524072387063000
1360,1,1360,1360,27836366805768,1777524072391590800
1361,0,1361,1361,27836916643880,1777524072391590800
1361,1,1361,1361,27836369204448,1777524072392600900
1362,0,1362,1362,27836919042864,1777524072392600900
1362,1,1362,1362,27836371602920,1777524072396579400
1363,0,1363,1363,27836921440784,1777524072396579400
1363,1,1363,1363,27836374001296,1777524072398972700
1364,0,1364,1364,27836923839264,1777524072398972700
1364,1,1364,1364,27836376399400,1777524072400061600
1365,0,1365,1365,27836926237736,1777524072400061600
1365,1,1365,1365,27836378797784,1777524072400061600
1366,0,1366,1366,27836928636256,1777524072400061600
1366,1,1366,1366,27836381195640,1777524072406016300
1367,0,1367,1367,27836931034424,1777524072406016300
1367,1,1367,1367,27836383593808,1777524072407057300
1368,0,1368,1368,27836933432328,1777524072407057300
1368,1,1368,1368,27836385992904,1777524072409521000
1369,0,1369,1369,27836935830600,1777524072409521000
1369,1,1369,1369,27836388390920,1777524072409521000
1370,0,1370,1370,27836938229368,1777524072409521000
1370,1,1370,1370,27836390789696,1777524072409521000
1371,0,1371,1371,27836940627784,1777524072409521000
1371,1,1371,1371,27836393187880,1777524072418102200
1372,0,1372,1372,27836943025960,1777524072418102200
1372,1,1372,1372,27836395585696,1777524072419692900
1373,0,1373,1373,27836945424680,1777524072419692900
1373,1,1373,1373,27836397984344,1777524072419692900
1374,0,1374,1374,27836947822424,1777524072419692900
1374,1,1374,1374,27836400382736,1777524072424682100
1375,0,1375,1375,27836950221400,1777524072425691200
1375,1,1375,1375,27836402781288,1777524072427450200
1376,0,1376,1376,27836952619344,1777524072427450200
1376,1,1376,1376,27836405178808,1777524072430160200
1377,0,1377,1377,27836955017840,1777524072430160200
1377,1,1377,1377,27836407577304,1777524072430160200
1378,0,1378,1378,27836957415904,1777524072430160200
1378,1,1378,1378,27836409976120,1777524072430160200
1379,0,1379,1379,27836959814728,1777524072430160200
1379,1,1379,1379,27836412374680,1777524072430160200
1380,0,1380,1380,27836962212952,1777524072437629200
1380,1,1380,1380,27836414772400,1777524072439132600
1381,0,1381,1381,27836964610864,1777524072439132600
1381,1,1381,1381,27836417170728,1777524072439132600
1382,0,1382,1382,27836967009488,1777524072439132600
1382,1,1382,1382,27836419568960,1777524072442779000
1383,0,1383,1383,27836969407904,1777524072442779000
1383,1,1383,1383,27836421967680,1777524072442779000
1384,0,1384,1384,27836971805672,1777524072442779000
1384,1,1384,1384,27836424365672,1777524072449350900
1385,0,1385,1385,27836974204840,1777524072449350900
1385,1,1385,1385,27836426764384,1777524072451153200
1386,0,1386,1386,27836976602904,1777524072451153200
1386,1,1386,1386,27836429162672,1777524072451153200
1387,0,1387,1387,27836979001184,1777524072451153200
1387,1,1387,1387,27836431560840,1777524072451153200
1388,0,1388,1388,27836981399200,1777524072451153200
1388,1,1388,1388,27836433959288,1777524072459026900
1389,0,1389,1389,27836983797400,1777524072459026900
1389,1,1389,1389,27836436357392,1777524072460020600
1390,0,1390,1390,27836986195640,1777524072460020600
1390,1,1390,1390,27836438756008,1777524072460020600
1391,0,1391,1391,27836988593952,1777524072460020600
1391,1,1391,1391,27836441153920,1777524072460020600
1392,0,1392,1392,27836990992904,1777524072460020600
1392,1,1392,1392,27836443552880,1777524072468364000
1393,0,1393,1393,27836993391264,1777524072469171800
1393,1,1393,1393,27836445950704,1777524072469171800
1394,0,1394,1394,27836995789384,1777524072469171800
1394,1,1394,1394,27836448349120,1777524072472635100
1395,0,1395,1395,27836998187528,1777524072472635100
1395,1,1395,1395,27836450747384,1777524072474541000
1396,0,1396,1396,27837000586328,1777524072476148700
1396,1,1396,1396,27836453145920,1777524072478117000
1397,0,1397,1397,27837002984736,1777524072478117000
1397,1,1397,1397,27836455544696,1777524072480227700
1398,0,1398,1398,27837005383256,1777524072480227700
1398,1,1398,1398,27836457942824,1777524072482618600
1399,0,1399,1399,27837007781328,1777524072482618600
1399,1,1399,1399,27836460340952,1777524072485129500
1400,0,1400,1400,27837010179864,1777524072485129500
1400,1,1400,1400,27836462739880,1777524072487126400
1401,0,1401,1401,27837012577880,1777524072488145100
1401,1,1401,1401,27836465138232,1777524072490148600
1402,0,1402,1402,27837014976584,1777524072490148600
1402,1,1402,1402,27836467535728,1777524072492168800
1403,0,1403,1403,27837017374264,1777524072492168800
1403,1,1403,1403,27836469934920,1777524072492168800
1404,0,1404,1404,27837019772880,1777524072492168800
1404,1,1404,1404,27836472332904,1777524072492168800
1405,0,1405,1405,27837022171480,1777524072492168800
1405,1,1405,1405,27836474730728,1777524072492168800
1406,0,1406,1406,27837024569808,1777524072492168800
1406,1,1406,1406,27836477129920,1777524072500518900
1407,0,1407,1407,27837026967880,1777524072500518900
1407,1,1407,1407,27836479527560,1777524072500518900
1408,0,1408,1408,27837029365920,1777524072500518900
1408,1,1408,1408,27836481926344,1777524072505828500
1409,0,1409,1409,27837031764864,1777524072505828500
1409,1,1409,1409,27836484324528,1777524072509367500
1410,0,1410,1410,27837034162904,1777524072509367500
1410,1,1410,1410,27836486723296,1777524072510929200
1411,0,1411,1411,27837036560784,1777524072510929200
1411,1,1411,1411,27836489120960,1777524072510929200
1412,0,1412,1412,27837038959840,1777524072510929200
1412,1,1412,1412,27836491519680,1777524072510929200
1413,0,1413,1413,27837041358136,1777524072510929200
1413,1,1413,1413,27836493917952,1777524072517755700
1414,0,1414,1414,27837043756680,1777524072517755700
1414,1,1414,1414,27836496315824,1777524072521077800
1415,0,1415,1415,27837046154960,1777524072521077800
1415,1,1415,1415,27836498714824,1777524072521077800
1416,0,1416,1416,27837048553400,1777524072521077800
1416,1,1416,1416,27836501112664,1777524072525573200
1417,0,1417,1417,27837050951600,1777524072525573200
1417,1,1417,1417,27836503510904,1777524072525573200
1418,0,1418,1418,27837053349608,1777524072525573200
1418,1,1418,1418,27836505909864,1777524072531108600
1419,0,1419,1419,27837055748424,1777524072531108600
1419,1,1419,1419,27836508308296,1777524072531108600
1420,0,1420,1420,27837058146584,1777524072531108600
1420,1,1420,1420,27836510706368,1777524072531108600
1421,0,1421,1421,27837060544768,1777524072531108600
1421,1,1421,1421,27836513104584,1777524072531108600
1422,0,1422,1422,27837062942904,1777524072531108600
1422,1,1422,1422,27836515502784,1777524072538889300
1423,0,1423,1423,27837065340880,1777524072538889300
1423,1,1423,1423,27836517900880,1777524072542537700
1424,0,1424,1424,27837067739544,1777524072542537700
1424,1,1424,1424,27836520299736,1777524072544566000
1425,0,1425,1425,27837070137640,1777524072544566000
1425,1,1425,1425,27836522697728,1777524072546569000
1426,0,1426,1426,27837072535824,1777524072546569000
1426,1,1426,1426,27836525096112,1777524072546569000
1427,0,1427,1427,27837074934224,1777524072546569000
1427,1,1427,1427,27836527494808,1777524072552520000
1428,0,1428,1428,27837077333200,1777524072552520000
1428,1,1428,1428,27836529892968,1777524072554016500
1429,0,1429,1429,27837079731808,1777524072554016500
1429,1,1429,1429,27836532290920,1777524072554016500
1430,0,1430,1430,27837082129864,1777524072557880100
1430,1,1430,1430,27836534689880,1777524072558899500
1431,0,1431,1431,27837084527768,1777524072558899500
1431,1,1431,1431,27836537087824,1777524072562064200
1432,0,1432,1432,27837086926840,1777524072562064200
1432,1,1432,1432,27836539486784,1777524072562064200
1433,0,1433,1433,27837089324368,1777524072562064200
1433,1,1433,1433,27836541884784,1777524072562064200
1434,0,1434,1434,27837091722888,1777524072562064200
1434,1,1434,1434,27836544283200,1777524072562064200
1435,0,1435,1435,27837094121120,1777524072562064200
1435,1,1435,1435,27836546680864,1777524072562064200
1436,0,1436,1436,27837096519400,1777524072562064200
1436,1,1436,1436,27836549079880,1777524072574060000
1437,0,1437,1437,27837098918368,1777524072574060000
1437,1,1437,1437,27836551477920,1777524072575588600
1438,0,1438,1438,27837101315960,1777524072575588600
1438,1,1438,1438,27836553876824,1777524072575588600
1439,0,1439,1439,27837103714296,1777524072575588600
1439,1,1439,1439,27836556275184,1777524072581093400
1440,0,1440,1440,27837106113288,1777524072581093400
1440,1,1440,1440,27836558672880,1777524072582626200
1441,0,1441,1441,27837108511840,1777524072584128800
1441,1,1441,1441,27836561071184,1777524072584725800
1442,0,1442,1442,27837110909952,1777524072584725800
1442,1,1442,1442,27836563469696,1777524072587365400
1443,0,1443,1443,27837113307952,1777524072587365400
1443,1,1443,1443,27836565867840,1777524072587365400
1444,0,1444,1444,27837115706600,1777524072591292700
1444,1,1444,1444,27836568266112,1777524072592917300
1445,0,1445,1445,27837118104880,1777524072592917300
1445,1,1445,1445,27836570664544,1777524072592917300
1446,0,1446,1446,27837120502768,1777524072592917300
1446,1,1446,1446,27836573062824,1777524072592917300
1447,0,1447,1447,27837122901920,1777524072592917300
1447,1,1447,1447,27836575461288,1777524072592917300
1448,0,1448,1448,27837125299904,1777524072592917300
1448,1,1448,1448,27836577859784,1777524072602917200
1449,0,1449,1449,27837127697648,1777524072602917200
1449,1,1449,1449,27836580258544,1777524072602917200
1450,0,1450,1450,27837130096960,1777524072605812300
1450,1,1450,1450,27836582656880,1777524072605812300
1451,0,1451,1451,27837132494952,1777524072605812300
1451,1,1451,1451,27836585054824,1777524072608938800
1452,0,1452,1452,27837134892784,1777524072608938800
1452,1,1452,1452,27836587453144,1777524072608938800
1453,0,1453,1453,27837137291640,1777524072612674700
1453,1,1453,1453,27836589851864,1777524072614821000
1454,0,1454,1454,27837139689784,1777524072614821000
1454,1,1454,1454,27836592249680,1777524072617413500
1455,0,1455,1455,27837142087840,1777524072617413500
1455,1,1455,1455,27836594647960,1777524072617413500
1456,0,1456,1456,27837144486240,1777524072617413500
1456,1,1456,1456,27836597046880,1777524072617413500
1457,0,1457,1457,27837146885288,1777524072617413500
1457,1,1457,1457,27836599444840,1777524072624358300
1458,0,1458,1458,27837149282920,1777524072624358300
1458,1,1458,1458,27836601843400,1777524072625893000
1459,0,1459,1459,27837151681880,1777524072625893000
1459,1,1459,1459,27836604241440,1777524072625893000
1460,0,1460,1460,27837154079696,1777524072625893000
1460,1,1460,1460,27836606639920,1777524072625893000
1461,0,1461,1461,27837156477952,1777524072625893000
1461,1,1461,1461,27836609037880,1777524072634003400
1462,0,1462,1462,27837158876840,1777524072634003400
1462,1,1462,1462,27836611436864,1777524072634003400
1463,0,1463,1463,27837161274864,1777524072634003400
1463,1,1463,1463,27836613834768,1777524072634003400
1464,0,1464,1464,27837163672880,1777524072639277600
1464,1,1464,1464,27836616232768,1777524072639277600
1465,0,1465,1465,27837166071952,1777524072639277600
1465,1,1465,1465,27836618631904,1777524072643864600
1466,0,1466,1466,27837168469424,1777524072643864600
1466,1,1466,1466,27836621029960,1777524072643864600
1467,0,1467,1467,27837170868048,1777524072643864600
1467,1,1467,1467,27836623427920,1777524072643864600
1468,0,1468,1468,27837173266328,1777524072643864600
1468,1,1468,1468,27836625826840,1777524072650647200
1469,0,1469,1469,27837175664544,1777524072650647200
1469,1,1469,1469,27836628224904,1777524072650647200
1470,0,1470,1470,27837178062920,1777524072650647200
1470,1,1470,1470,27836630623424,1777524072653909700
1471,0,1471,1471,27837180461680,1777524072653909700
1471,1,1471,1471,27836633021424,1777524072657577400
1472,0,1472,1472,27837182860400,1777524072657577400
1472,1,1472,1472,27836635419808,1777524072658975600
1473,0,1473,1473,27837185257920,1777524072658975600
1473,1,1473,1473,27836637818696,1777524072658975600
1474,0,1474,1474,27837187656672,1777524072658975600
1474,1,1474,1474,27836640216904,1777524072664118300
1475,0,1475,1475,27837190054952,1777524072664118300
1475,1,1475,1475,27836642614560,1777524072664118300
1476,0,1476,1476,27837192453584,1777524072664118300
1476,1,1476,1476,27836645013728,1777524072664118300
1477,0,1477,1477,27837194851728,1777524072664118300
1477,1,1477,1477,27836647411904,1777524072664118300
1478,0,1478,1478,27837197249560,1777524072672690200
1478,1,1478,1478,27836649809696,1777524072674434500
1479,0,1479,1479,27837199648256,1777524072674434500
1479,1,1479,1479,27836652208784,1777524072675438100
1480,0,1480,1480,27837202046728,1777524072675438100
1480,1,1480,1480,27836654606488,1777524072675438100
1481,0,1481,1481,27837204444904,1777524072675438100
1481,1,1481,1481,27836657004768,1777524072681330800
1482,0,1482,1482,27837206842920,1777524072681330800
1482,1,1482,1482,27836659402920,1777524072683847400
1483,0,1483,1483,27837209241504,1777524072684856100
1483,1,1483,1483,27836661801736,1777524072684856100
1484,0,1484,1484,27837211639920,1777524072684856100
1484,1,1484,1484,27836664199672,1777524072687627300
1485,0,1485,1485,27837214038680,1777524072687627300
1485,1,1485,1485,27836666598104,1777524072690926700
1486,0,1486,1486,27837216436696,1777524072690926700
1486,1,1486,1486,27836668996640,1777524072692433500
1487,0,1487,1487,27837218835368,1777524072692433500
1487,1,1487,1487,27836671394840,1777524072694963200
1488,0,1488,1488,27837221233400,1777524072694963200
1488,1,1488,1488,27836673793392,1777524072694963200
1489,0,1489,1489,27837223631824,1777524072694963200
1489,1,1489,1489,27836676191920,1777524072694963200
1490,0,1490,1490,27837226029736,1777524072694963200
1490,1,1490,1490,27836678589824,1777524072694963200
1491,0,1491,1491,27837228428864,1777524072694963200
1491,1,1491,1491,27836680988640,1777524072705794200
1492,0,1492,1492,27837230826824,1777524072705794200
1492,1,1492,1492,27836683386880,1777524072705794200
1493,0,1493,1493,27837233224920,1777524072708777400
1493,1,1493,1493,27836685785280,1777524072708777400
1494,0,1494,1494,27837235623384,1777524072708777400
1494,1,1494,1494,27836688183784,1777524072708777400
1495,0,1495,1495,27837238021416,1777524072708777400
1495,1,1495,1495,27836690581808,1777524072715385900
1496,0,1496,1496,27837240419920,1777524072715385900
1496,1,1496,1496,27836692980360,1777524072717052300
1497,0,1497,1497,27837242818920,1777524072717052300
1497,1,1497,1497,27836695378784,1777524072717052300
1498,0,1498,1498,27837245216808,1777524072717052300
1498,1,1498,1498,27836697776384,1777524072717052300
1499,0,1499,1499,27837247614736,1777524072717052300
1499,1,1499,1499,27836700174736,1777524072724230900
1500,0,1500,1500,27837250013920,1777524072725476300
1500,1,1500,1500,27836702573424,1777524072725476300
1501,0,1501,1501,27837252411544,1777524072725476300
1501,1,1501,1501,27836704972120,1777524072725476300
1502,0,1502,1502,27837254810608,1777524072725476300
1502,1,1502,1502,27836707370560,1777524072725476300
1503,0,1503,1503,27837257208064,1777524072725476300
1503,1,1503,1503,27836709768264,1777524072725476300
1504,0,1504,1504,27837259606344,1777524072725476300
1504,1,1504,1504,27836712166400,1777524072735567500
1505,0,1505,1505,27837262004680,1777524072735567500
1505,1,1505,1505,27836714564840,1777524072738878100
1506,0,1506,1506,27837264403920,1777524072738878100
1506,1,1506,1506,27836716963584,1777524072741906500
1507,0,1507,1507,27837266801840,1777524072741906500
1507,1,1507,1507,27836719361392,1777524072741906500
1508,0,1508,1508,27837269199904,1777524072741906500
1508,1,1508,1508,27836721759736,1777524072745674300
1509,0,1509,1509,27837271598920,1777524072745674300
1509,1,1509,1509,27836724158424,1777524072745674300
1510,0,1510,1510,27837273996768,1777524072745674300
1510,1,1510,1510,27836726557296,1777524072750438800
1511,0,1511,1511,27837276395280,1777524072750438800
1511,1,1511,1511,27836728954696,1777524072750438800
1512,0,1512,1512,27837278793256,1777524072750438800
1512,1,1512,1512,27836731353232,1777524072756167000
1513,0,1513,1513,27837281191400,1777524072756167000
1513,1,1513,1513,27836733751640,1777524072758694800
1514,0,1514,1514,27837283590384,1777524072758694800
1514,1,1514,1514,27836736149904,1777524072759810700
1515,0,1515,1515,27837285988880,1777524072759810700
1515,1,1515,1515,27836738548736,1777524072759810700
1516,0,1516,1516,27837288386600,1777524072759810700
1516,1,1516,1516,27836740946904,1777524072759810700
1517,0,1517,1517,27837290784824,1777524072766236700
1517,1,1517,1517,27836743344736,1777524072768316000
1518,0,1518,1518,27837293183184,1777524072768316000
1518,1,1518,1518,27836745743808,1777524072769846500
1519,0,1519,1519,27837295581824,1777524072769846500
1519,1,1519,1519,27836748141672,1777524072771917800
1520,0,1520,1520,27837297979784,1777524072771917800
1520,1,1520,1520,27836750539880,1777524072775316800
1521,0,1521,1521,27837300378880,1777524072775316800
1521,1,1521,1521,27836752938768,1777524072776369400
1522,0,1522,1522,27837302776952,1777524072776369400
1522,1,1522,1522,27836755337384,1777524072776369400
1523,0,1523,1523,27837305175768,1777524072776369400
1523,1,1523,1523,27836757734840,1777524072781152500
1524,0,1524,1524,27837307573864,1777524072781152500
1524,1,1524,1524,27836760133880,1777524072783723700
1525,0,1525,1525,27837309971808,1777524072783723700
1525,1,1525,1525,27836762531584,1777524072786823400
1526,0,1526,1526,27837312370640,1777524072787827100
1526,1,1526,1526,27836764930728,1777524072789045200
1527,0,1527,1527,27837314768920,1777524072789045200
1527,1,1527,1527,27836767328920,1777524072792217200
1528,0,1528,1528,27837317167040,1777524072792217200
1528,1,1528,1528,27836769726888,1777524072792217200
1529,0,1529,1529,27837319564952,1777524072792217200
1529,1,1529,1529,27836772125232,1777524072796934400
1530,0,1530,1530,27837321963952,1777524072796934400
1530,1,1530,1530,27836774523864,1777524072798289700
1531,0,1531,1531,27837324361920,1777524072798289700
1531,1,1531,1531,27836776921920,1777524072798289700
1532,0,1532,1532,27837326760384,1777524072798289700
1532,1,1532,1532,27836779319880,1777524072798289700
1533,0,1533,1533,27837329158904,1777524072798289700
1533,1,1533,1533,27836781718392,1777524072805106200
1534,0,1534,1534,27837331557368,1777524072807114000
1534,1,1534,1534,27836784117384,1777524072808567700
1535,0,1535,1535,27837333954920,1777524072808567700
1535,1,1535,1535,27836786515336,1777524072808567700
1536,0,1536,1536,27837336353952,1777524072808567700
1536,1,1536,1536,27836788913808,1777524072808567700
1537,0,1537,1537,27837338752384,1777524072808567700
1537,1,1537,1537,27836791311680,1777524072808567700
1538,0,1538,1538,27837341150808,1777524072808567700
1538,1,1538,1538,27836793710256,1777524072817025400
1539,0,1539,1539,27837343548904,1777524072817025400
1539,1,1539,1539,27836796108696,1777524072819773300
1540,0,1540,1540,27837345946728,1777524072819773300
1540,1,1540,1540,27836798506808,1777524072819773300
1541,0,1541,1541,27837348345840,1777524072823972900
1541,1,1541,1541,27836800904920,1777524072825479400
1542,0,1542,1542,27837350743864,1777524072825479400
1542,1,1542,1542,27836803303920,1777524072827352900
1543,0,1543,1543,27837353142104,1777524072827352900
1543,1,1543,1543,27836805701880,1777524072829819100
1544,0,1544,1544,27837355540400,1777524072829819100
1544,1,1544,1544,27836808100400,1777524072829819100
1545,0,1545,1545,27837357938904,1777524072829819100
1545,1,1545,1545,27836810498904,1777524072829819100
1546,0,1546,1546,27837360336768,1777524072829819100
1546,1,1546,1546,27836812896920,1777524072837706300
1547,0,1547,1547,27837362735768,1777524072838211900
1547,1,1547,1547,27836815295544,1777524072838211900
1548,0,1548,1548,27837365133952,1777524072838211900
1548,1,1548,1548,27836817693296,1777524072841980100
1549,0,1549,1549,27837367531904,1777524072841980100
1549,1,1549,1549,27836820092296,1777524072841980100
1550,0,1550,1550,27837369930784,1777524072841980100
1550,1,1550,1550,27836822490952,1777524072841980100
1551,0,1551,1551,27837372328920,1777524072847757300
1551,1,1551,1551,27836824888864,1777524072847757300
1552,0,1552,1552,27837374726880,1777524072850436700
1552,1,1552,1552,27836827286768,1777524072850436700
1553,0,1553,1553,27837377125952,1777524072850436700
1553,1,1553,1553,27836829685808,1777524072850436700
1554,0,1554,1554,27837379523952,1777524072850436700
1554,1,1554,1554,27836832083736,1777524072857247500
1555,0,1555,1555,27837381922304,1777524072857247500
1555,1,1555,1555,27836834482504,1777524072859460800
1556,0,1556,1556,27837384320952,1777524072859460800
1556,1,1556,1556,27836836880864,1777524072859460800
1557,0,1557,1557,27837386718768,1777524072859460800
1557,1,1557,1557,27836839278576,1777524072859460800
1558,0,1558,1558,27837389117400,1777524072859460800
1558,1,1558,1558,27836841676976,1777524072859460800
1559,0,1559,1559,27837391515328,1777524072859460800
1559,1,1559,1559,27836844075424,1777524072869044400
1560,0,1560,1560,27837393913464,1777524072869044400
1560,1,1560,1560,27836846473648,1777524072871566200
1561,0,1561,1561,27837396312400,1777524072871566200
1561,1,1561,1561,27836848872088,1777524072871566200
1562,0,1562,1562,27837398710864,1777524072871566200
1562,1,1562,1562,27836851270528,1777524072875167500
1563,0,1563,1563,27837401108528,1777524072875167500
1563,1,1563,1563,27836853668904,1777524072878427000
1564,0,1564,1564,27837403506736,1777524072878427000
1564,1,1564,1564,27836856066728,1777524072878427000
1565,0,1565,1565,27837405905864,1777524072881314600
1565,1,1565,1565,27836858465136,1777524072881314600
1566,0,1566,1566,27837408303456,1777524072883938000
1566,1,1566,1566,27836860863600,1777524072883938000
1567,0,1567,1567,27837410701920,1777524072883938000
1567,1,1567,1567,27836863261824,1777524072888075000
1568,0,1568,1568,27837413100768,1777524072888075000
1568,1,1568,1568,27836865660952,1777524072890437500
1569,0,1569,1569,27837415498840,1777524072890437500
1569,1,1569,1569,27836868058904,1777524072891975400
1570,0,1570,1570,27837417896824,1777524072891975400
1570,1,1570,1570,27836870456840,1777524072893984500
1571,0,1571,1571,27837420295672,1777524072893984500
1571,1,1571,1571,27836872855864,1777524072893984500
1572,0,1572,1572,27837422693696,1777524072898168600
1572,1,1572,1572,27836875254368,1777524072900222900
1573,0,1573,1573,27837425092424,1777524072900222900
1573,1,1573,1573,27836877652456,1777524072900222900
1574,0,1574,1574,27837427490952,1777524072900222900
1574,1,1574,1574,27836880050736,1777524072904866100
1575,0,1575,1575,27837429888840,1777524072904866100
1575,1,1575,1575,27836882449144,1777524072904866100
1576,0,1576,1576,27837432286880,1777524072904866100
1576,1,1576,1576,27836884847240,1777524072908646100
1577,0,1577,1577,27837434685904,1777524072908646100
1577,1,1577,1577,27836887245328,1777524072908646100
1578,0,1578,1578,27837437083952,1777524072908646100
1578,1,1578,1578,27836889643728,1777524072908646100
1579,0,1579,1579,27837439482368,1777524072908646100
1579,1,1579,1579,27836892042120,1777524072917219500
1580,0,1580,1580,27837441880248,1777524072917219500
1580,1,1580,1580,27836894440824,1777524072919413800
1581,0,1581,1581,27837444279208,1777524072919413800
1581,1,1581,1581,27836896838904,1777524072919413800
1582,0,1582,1582,27837446676952,1777524072919413800
1582,1,1582,1582,27836899236904,1777524072923522500
1583,0,1583,1583,27837449075824,1777524072923522500
1583,1,1583,1583,27836901635184,1777524072925031300
1584,0,1584,1584,27837451473960,1777524072925031300
1584,1,1584,1584,27836904034288,1777524072929232700
1585,0,1585,1585,27837453872672,1777524072929232700
1585,1,1585,1585,27836906432768,1777524072929232700
1586,0,1586,1586,27837456270672,1777524072929232700
1586,1,1586,1586,27836908830784,1777524072929232700
1587,0,1587,1587,27837458668672,1777524072929232700
1587,1,1587,1587,27836911228904,1777524072929232700
1588,0,1588,1588,27837461066952,1777524072929232700
1588,1,1588,1588,27836913627768,1777524072938447400
1589,0,1589,1589,27837463465904,1777524072938447400
1589,1,1589,1589,27836916025920,1777524072939485600
1590,0,1590,1590,27837465863880,1777524072939485600
1590,1,1590,1590,27836918423784,1777524072941988900
1591,0,1591,1591,27837468262136,1777524072941988900
1591,1,1591,1591,27836920822584,1777524072941988900
1592,0,1592,1592,27837470660952,1777524072941988900
1592,1,1592,1592,27836923220880,1777524072941988900
1593,0,1593,1593,27837473059328,1777524072941988900
1593,1,1593,1593,27836925619384,1777524072950424800
1594,0,1594,1594,27837475457384,1777524072950424800
1594,1,1594,1594,27836928017488,1777524072950424800
1595,0,1595,1595,27837477855528,1777524072950424800
1595,1,1595,1595,27836930415560,1777524072950424800
1596,0,1596,1596,27837480253920,1777524072950424800
1596,1,1596,1596,27836932813672,1777524072956637400
1597,0,1597,1597,27837482652880,1777524072958146400
1597,1,1597,1597,27836935212368,1777524072960167300
1598,0,1598,1598,27837485050368,1777524072960167300
1598,1,1598,1598,27836937610784,1777524072960167300
1599,0,1599,1599,27837487449456,1777524072960167300
1599,1,1599,1599,27836940008808,1777524072960167300
1600,0,1600,1600,27837489847920,1777524072960167300
1600,1,1600,1600,27836942407440,1777524072960167300
1601,0,1601,1601,27837492245728,1777524072960167300
1601,1,1601,1601,27836944805880,1777524072960167300
1602,0,1602,1602,27837494644384,1777524072960167300
1602,1,1602,1602,27836947204176,1777524072971645100
1603,0,1603,1603,27837497042600,1777524072971645100
1603,1,1603,1603,27836949602952,1777524072971645100
1604,0,1604,1604,27837499440384,1777524072971645100
1604,1,1604,1604,27836952000384,1777524072975319300
1605,0,1605,1605,27837501838808,1777524072975319300
1605,1,1605,1605,27836954398880,1777524072975319300
1606,0,1606,1606,27837504237864,1777524072975319300
1606,1,1606,1606,27836956797904,1777524072981187800
1607,0,1607,1607,27837506635920,1777524072981187800
1607,1,1607,1607,27836959195952,1777524072983696200
1608,0,1608,1608,27837509034456,1777524072983696200
1608,1,1608,1608,27836961593960,1777524072983696200
1609,0,1609,1609,27837511432840,1777524072983696200
1609,1,1609,1609,27836963992696,1777524072988800100
1610,0,1610,1610,27837513830864,1777524072988800100
1610,1,1610,1610,27836966390384,1777524072991375400
1611,0,1611,1611,27837516228736,1777524072991375400
1611,1,1611,1611,27836968789088,1777524072991375400
1612,0,1612,1612,27837518627680,1777524072991375400
1612,1,1612,1612,27836971187824,1777524072991375400
1613,0,1613,1613,27837521025768,1777524072991375400
1613,1,1613,1613,27836973585384,1777524072991375400
1614,0,1614,1614,27837523423864,1777524072991375400
1614,1,1614,1614,27836975983920,1777524072991375400
1615,0,1615,1615,27837525822512,1777524072991375400
1615,1,1615,1615,27836978382768,1777524073002141600
1616,0,1616,1616,27837528221400,1777524073002141600
1616,1,1616,1616,27836980780424,1777524073004738800
1617,0,1617,1617,27837530618864,1777524073004738800
1617,1,1617,1617,27836983179400,1777524073007882200
1618,0,1618,1618,27837533017904,1777524073008387100
1618,1,1618,1618,27836985577920,1777524073010558200
1619,0,1619,1619,27837535415952,1777524073010558200
1619,1,1619,1619,27836987975944,1777524073012944100
1620,0,1620,1620,27837537813864,1777524073012944100
1620,1,1620,1620,27836990373960,1777524073014957700
1621,0,1621,1621,27837540212904,1777524073014957700
1621,1,1621,1621,27836992772200,1777524073016963100
1622,0,1622,1622,27837542610960,1777524073018073500
1622,1,1622,1622,27836995170688,1777524073020079400
1623,0,1623,1623,27837545008808,1777524073020079400
1623,1,1623,1623,27836997569424,1777524073022082800
1624,0,1624,1624,27837547407960,1777524073023072400
1624,1,1624,1624,27836999967904,1777524073024488700
1625,0,1625,1625,27837549805920,1777524073024488700
1625,1,1625,1625,27837002365680,1777524073024488700
1626,0,1626,1626,27837552203864,1777524073024488700
1626,1,1626,1626,27837004764696,1777524073024488700
1627,0,1627,1627,27837554602864,1777524073024488700
1627,1,1627,1627,27837007162840,1777524073024488700
1628,0,1628,1628,27837557001328,1777524073024488700
1628,1,1628,1628,27837009560952,1777524073034529900
1629,0,1629,1629,27837559399696,1777524073034529900
1629,1,1629,1629,27837011958824,1777524073034529900
1630,0,1630,1630,27837561797824,1777524073034529900
1630,1,1630,1630,27837014357448,1777524073037755500
1631,0,1631,1631,27837564195544,1777524073037755500
1631,1,1631,1631,27837016755880,1777524073041582300
1632,0,1632,1632,27837566593952,1777524073041582300
1632,1,1632,1632,27837019154240,1777524073044174300
1633,0,1633,1633,27837568992920,1777524073044174300
1633,1,1633,1633,27837021552736,1777524073044174300
1634,0,1634,1634,27837571390920,1777524073044174300
1634,1,1634,1634,27837023950952,1777524073044174300
1635,0,1635,1635,27837573788904,1777524073044174300
1635,1,1635,1635,27837026348952,1777524073050232200
1636,0,1636,1636,27837576187920,1777524073050232200
1636,1,1636,1636,27837028747736,1777524073053710100
1637,0,1637,1637,27837578585904,1777524073053710100
1637,1,1637,1637,27837031146160,1777524073053710100
1638,0,1638,1638,27837580984344,1777524073056321800
1638,1,1638,1638,27837033544448,1777524073057831500
1639,0,1639,1639,27837583382920,1777524073057831500
1639,1,1639,1639,27837035942424,1777524073057831500
1640,0,1640,1640,27837585780904,1777524073057831500
1640,1,1640,1640,27837038341296,1777524073057831500
1641,0,1641,1641,27837588179384,1777524073057831500
1641,1,1641,1641,27837040739424,1777524073064126200
1642,0,1642,1642,27837590578224,1777524073064126200
1642,1,1642,1642,27837043137296,1777524073064126200
1643,0,1643,1643,27837592975880,1777524073064126200
1643,1,1643,1643,27837045536424,1777524073064126200
1644,0,1644,1644,27837595374728,1777524073070786900
1644,1,1644,1644,27837047934672,1777524073070786900
1645,0,1645,1645,27837597772904,1777524073070786900
1645,1,1645,1645,27837050332728,1777524073074732200
1646,0,1646,1646,27837600170904,1777524073074732200
1646,1,1646,1646,27837052730904,1777524073074732200
1647,0,1647,1647,27837602569696,1777524073074732200
1647,1,1647,1647,27837055128952,1777524073074732200
1648,0,1648,1648,27837604967664,1777524073074732200
1648,1,1648,1648,27837057527672,1777524073081416500
1649,0,1649,1649,27837607365704,1777524073081416500
1649,1,1649,1649,27837059925904,1777524073084444400
1650,0,1650,1650,27837609764368,1777524073084444400
1650,1,1650,1650,27837062324904,1777524073084444400
1651,0,1651,1651,27837612162728,1777524073084444400
1651,1,1651,1651,27837064722904,1777524073089511600
1652,0,1652,1652,27837614561544,1777524073089511600
1652,1,1652,1652,27837067121576,1777524073091048100
1653,0,1653,1653,27837616959528,1777524073091048100
1653,1,1653,1653,27837069519880,1777524073094484000
1654,0,1654,1654,27837619357824,1777524073094484000
1654,1,1654,1654,27837071917880,1777524073094484000
1655,0,1655,1655,27837621755840,1777524073094484000
1655,1,1655,1655,27837074316384,1777524073094484000
1656,0,1656,1656,27837624154808,1777524073094484000
1656,1,1656,1656,27837076714736,1777524073094484000
1657,0,1657,1657,27837626552864,1777524073094484000
1657,1,1657,1657,27837079112696,1777524073103921300
1658,0,1658,1658,27837628950904,1777524073103921300
1658,1,1658,1658,27837081510736,1777524073104962900
1659,0,1659,1659,27837631349384,1777524073104962900
1659,1,1659,1659,27837083909368,1777524073107860800
1660,0,1660,1660,27837633748360,1777524073107860800
1660,1,1660,1660,27837086307920,1777524073107860800
1661,0,1661,1661,27837636145768,1777524073107860800
1661,1,1661,1661,27837088705824,1777524073107860800
1662,0,1662,1662,27837638544400,1777524073107860800
1662,1,1662,1662,27837091104400,1777524073114980800
1663,0,1663,1663,27837640942840,1777524073116483800
1663,1,1663,1663,27837093502824,1777524073116483800
1664,0,1664,1664,27837643340952,1777524073116483800
1664,1,1664,1664,27837095900904,1777524073116483800
1665,0,1665,1665,27837645739864,1777524073116483800
1665,1,1665,1665,27837098299624,1777524073122578500
1666,0,1666,1666,27837648137864,1777524073122578500
1666,1,1666,1666,27837100697640,1777524073125103300
1667,0,1667,1667,27837650535952,1777524073125103300
1667,1,1667,1667,27837103095904,1777524073125103300
1668,0,1668,1668,27837652934880,1777524073125103300
1668,1,1668,1668,27837105494680,1777524073125103300
1669,0,1669,1669,27837655332728,1777524073125103300
1669,1,1669,1669,27837107893328,1777524073125103300
1670,0,1670,1670,27837657730864,1777524073125103300
1670,1,1670,1670,27837110291088,1777524073135300100
1671,0,1671,1671,27837660130104,1777524073135300100
1671,1,1671,1671,27837112689864,1777524073137321300
1672,0,1672,1672,27837662528120,1777524073137321300
1672,1,1672,1672,27837115087904,1777524073137321300
1673,0,1673,1673,27837664926232,1777524073137321300
1673,1,1673,1673,27837117486456,1777524073141297500
1674,0,1674,1674,27837667324904,1777524073141297500
1674,1,1674,1674,27837119884368,1777524073141297500
1675,0,1675,1675,27837669722952,1777524073141297500
1675,1,1675,1675,27837122282624,1777524073147389100
1676,0,1676,1676,27837672121672,1777524073147389100
1676,1,1676,1676,27837124680920,1777524073148402700
1677,0,1677,1677,27837674519784,1777524073149906400
1677,1,1677,1677,27837127079864,1777524073151919200
1678,0,1678,1678,27837676917640,1777524073151919200
1678,1,1678,1678,27837129477864,1777524073153876900
1679,0,1679,1679,27837679316424,1777524073153876900
1679,1,1679,1679,27837131876640,1777524073155880500
1680,0,1680,1680,27837681714784,1777524073157389800
1680,1,1680,1680,27837134275088,1777524073158929900
1681,0,1681,1681,27837684112904,1777524073159668300
1681,1,1681,1681,27837136673424,1777524073159668300
1682,0,1682,1682,27837686511840,1777524073159668300
1682,1,1682,1682,27837139071624,1777524073159668300
1683,0,1683,1683,27837688909952,1777524073159668300
1683,1,1683,1683,27837141469840,1777524073159668300
1684,0,1684,1684,27837691307840,1777524073159668300
1684,1,1684,1684,27837143867920,1777524073168155100
1685,0,1685,1685,27837693706424,1777524073168155100
1685,1,1685,1685,27837146266560,1777524073170697000
1686,0,1686,1686,27837696104768,1777524073170697000
1686,1,1686,1686,27837148664400,1777524073170697000
1687,0,1687,1687,27837698503392,1777524073170697000
1687,1,1687,1687,27837151062728,1777524073176173600
1688,0,1688,1688,27837700901696,1777524073176173600
1688,1,1688,1688,27837153461808,1777524073178573900
1689,0,1689,1689,27837703299400,1777524073178573900
1689,1,1689,1689,27837155859456,1777524073180582300
1690,0,1690,1690,27837705697880,1777524073180582300
1690,1,1690,1690,27837158257672,1777524073183135200
1691,0,1691,1691,27837708096400,1777524073183135200
1691,1,1691,1691,27837160656864,1777524073185152000
1692,0,1692,1692,27837710494920,1777524073186143800
1692,1,1692,1692,27837163054904,1777524073188153300
1693,0,1693,1693,27837712892920,1777524073188153300
1693,1,1693,1693,27837165452784,1777524073189153700
1694,0,1694,1694,27837715291920,1777524073190769100
1694,1,1694,1694,27837167851904,1777524073192322300
1695,0,1695,1695,27837717689488,1777524073193312800
1695,1,1695,1695,27837170249600,1777524073194831500
1696,0,1696,1696,27837720087840,1777524073194831500
1696,1,1696,1696,27837172648544,1777524073197840000
1697,0,1697,1697,27837722486824,1777524073197840000
1697,1,1697,1697,27837175046864,1777524073199849400
1698,0,1698,1698,27837724884880,1777524073199849400
1698,1,1698,1698,27837177444824,1777524073201840900
1699,0,1699,1699,27837727283416,1777524073202840700
1699,1,1699,1699,27837179843400,1777524073204819500
1700,0,1700,1700,27837729681864,1777524073204819500
1700,1,1700,1700,27837182241784,1777524073206126600
1701,0,1701,1701,27837732079320,1777524073207629800
1701,1,1701,1701,27837184639824,1777524073209615100
1702,0,1702,1702,27837734478400,1777524073209615100
1702,1,1702,1702,27837187037952,1777524073209615100
1703,0,1703,1703,27837736876824,1777524073209615100
1703,1,1703,1703,27837189436920,1777524073209615100
1704,0,1704,1704,27837739274664,1777524073209615100
1704,1,1704,1704,27837191835288,1777524073216647400
1705,0,1705,1705,27837741672728,1777524073216647400
1705,1,1705,1705,27837194233384,1777524073218776900
1706,0,1706,1706,27837744071840,1777524073218776900
1706,1,1706,1706,27837196631720,1777524073218776900
1707,0,1707,1707,27837746469840,1777524073218776900
1707,1,1707,1707,27837199029768,1777524073224007600
1708,0,1708,1708,27837748867864,1777524073224007600
1708,1,1708,1708,27837201427960,1777524073224007600
1709,0,1709,1709,27837751266696,1777524073224007600
1709,1,1709,1709,27837203826880,1777524073228942600
1710,0,1710,1710,27837753664920,1777524073228942600
1710,1,1710,1710,27837206224368,1777524073229887900
1711,0,1711,1711,27837756062736,1777524073229887900
1711,1,1711,1711,27837208622696,1777524073229887900
1712,0,1712,1712,27837758461824,1777524073229887900
1712,1,1712,1712,27837211021880,1777524073229887900
1713,0,1713,1713,27837760859920,1777524073229887900
1713,1,1713,1713,27837213419904,1777524073237322400
1714,0,1714,1714,27837763257840,1777524073237322400
1714,1,1714,1714,27837215818392,1777524073240941200
1715,0,1715,1715,27837765656880,1777524073240941200
1715,1,1715,1715,27837218216904,1777524073240941200
1716,0,1716,1716,27837768054696,1777524073240941200
1716,1,1716,1716,27837220614880,1777524073240941200
1717,0,1717,1717,27837770452920,1777524073240941200
1717,1,1717,1717,27837223012920,1777524073240941200
1718,0,1718,1718,27837772851904,1777524073240941200
1718,1,1718,1718,27837225411864,1777524073250321500
1719,0,1719,1719,27837775249880,1777524073250321500
1719,1,1719,1719,27837227809768,1777524073250321500
1720,0,1720,1720,27837777648520,1777524073250321500
1720,1,1720,1720,27837230208728,1777524073250321500
1721,0,1721,1721,27837780046904,1777524073250321500
1721,1,1721,1721,27837232606200,1777524073257325500
1722,0,1722,1722,27837782444904,1777524073257325500
1722,1,1722,1722,27837235004920,1777524073259785100
1723,0,1723,1723,27837784842904,1777524073259785100
1723,1,1723,1723,27837237403696,1777524073259785100
1724,0,1724,1724,27837787241840,1777524073259785100
1724,1,1724,1724,27837239801864,1777524073259785100
1725,0,1725,1725,27837789640168,1777524073259785100
1725,1,1725,1725,27837242199840,1777524073259785100
1726,0,1726,1726,27837792037960,1777524073259785100
1726,1,1726,1726,27837244598512,1777524073269792200
1727,0,1727,1727,27837794436528,1777524073269792200
1727,1,1727,1727,27837246996880,1777524073270795500
1728,0,1728,1728,27837796834768,1777524073270795500
1728,1,1728,1728,27837249394864,1777524073274160900
1729,0,1729,1729,27837799233768,1777524073274160900
1729,1,1729,1729,27837251793768,1777524073274160900
1730,0,1730,1730,27837801631736,1777524073274160900
1730,1,1730,1730,27837254191360,1777524073274160900
1731,0,1731,1731,27837804029696,1777524073274160900
1731,1,1731,1731,27837256590288,1777524073281490400
1732,0,1732,1732,27837806428448,1777524073281490400
1732,1,1732,1732,27837258988400,1777524073283537800
1733,0,1733,1733,27837808826624,1777524073283537800
1733,1,1733,1733,27837261386960,1777524073283537800
1734,0,1734,1734,27837811224904,1777524073283537800
1734,1,1734,1734,27837263784920,1777524073283537800
1735,0,1735,1735,27837813622952,1777524073289246400
1735,1,1735,1735,27837266183008,1777524073290871900
1736,0,1736,1736,27837816021808,1777524073290871900
1736,1,1736,1736,27837268581864,1777524073290871900
1737,0,1737,1737,27837818420528,1777524073290871900
1737,1,1737,1737,27837270979696,1777524073290871900
1738,0,1738,1738,27837820818728,1777524073290871900
1738,1,1738,1738,27837273378736,1777524073290871900
1739,0,1739,1739,27837823216640,1777524073290871900
1739,1,1739,1739,27837275776808,1777524073300079700
1740,0,1740,1740,27837825614920,1777524073300079700
1740,1,1740,1740,27837278174680,1777524073300079700
1741,0,1741,1741,27837828013824,1777524073300079700
1741,1,1741,1741,27837280573808,1777524073303992400
1742,0,1742,1742,27837830411680,1777524073303992400
1742,1,1742,1742,27837282971768,1777524073307273800
1743,0,1743,1743,27837832810424,1777524073307273800
1743,1,1743,1743,27837285370120,1777524073310179000
1744,0,1744,1744,27837835208176,1777524073310179000
1744,1,1744,1744,27837287768808,1777524073310179000
1745,0,1745,1745,27837837606544,1777524073310179000
1745,1,1745,1745,27837290166640,1777524073310179000
1746,0,1746,1746,27837840004864,1777524073310179000
1746,1,1746,1746,27837292564768,1777524073316854900
1747,0,1747,1747,27837842403808,1777524073316854900
1747,1,1747,1747,27837294963880,1777524073316854900
1748,0,1748,1748,27837844801864,1777524073320227100
1748,1,1748,1748,27837297361920,1777524073320227100
1749,0,1749,1749,27837847199864,1777524073322730900
1749,1,1749,1749,27837299760080,1777524073324240300
1750,0,1750,1750,27837849598824,1777524073324240300
1750,1,1750,1750,27837302158728,1777524073324240300
1751,0,1751,1751,27837851996512,1777524073324240300
1751,1,1751,1751,27837304557048,1777524073324240300
1752,0,1752,1752,27837854395512,1777524073324240300
1752,1,1752,1752,27837306954824,1777524073330323400
1753,0,1753,1753,27837856793768,1777524073330323400
1753,1,1753,1753,27837309353696,1777524073330323400
1754,0,1754,1754,27837859191904,1777524073330323400
1754,1,1754,1754,27837311751768,1777524073330323400
1755,0,1755,1755,27837861589864,1777524073337024300
1755,1,1755,1755,27837314149680,1777524073337024300
1756,0,1756,1756,27837863988920,1777524073337024300
1756,1,1756,1756,27837316548784,1777524073340455600
1757,0,1757,1757,27837866386584,1777524073340455600
1757,1,1757,1757,27837318946904,1777524073340455600
1758,0,1758,1758,27837868784880,1777524073340455600
1758,1,1758,1758,27837321344920,1777524073340455600
1759,0,1759,1759,27837871183920,1777524073340455600
1759,1,1759,1759,27837323743624,1777524073340455600
1760,0,1760,1760,27837873581728,1777524073340455600
1760,1,1760,1760,27837326141952,1777524073349992400
1761,0,1761,1761,27837875979960,1777524073349992400
1761,1,1761,1761,27837328540560,1777524073349992400
1762,0,1762,1762,27837878378824,1777524073349992400
1762,1,1762,1762,27837330938904,1777524073349992400
1763,0,1763,1763,27837880776952,1777524073356190600
1763,1,1763,1763,27837333336880,1777524073357726800
1764,0,1764,1764,27837883174952,1777524073357726800
1764,1,1764,1764,27837335735368,1777524073360003700
1765,0,1765,1765,27837885573840,1777524073360003700
1765,1,1765,1765,27837338133784,1777524073360003700
1766,0,1766,1766,27837887971864,1777524073360003700
1766,1,1766,1766,27837340532368,1777524073360003700
1767,0,1767,1767,27837890369808,1777524073360003700
1767,1,1767,1767,27837342929904,1777524073360003700
1768,0,1768,1768,27837892768824,1777524073360003700
1768,1,1768,1768,27837345328864,1777524073370147700
1769,0,1769,1769,27837895166464,1777524073370147700
1769,1,1769,1769,27837347727304,1777524073370147700
1770,0,1770,1770,27837897564952,1777524073370147700
1770,1,1770,1770,27837350125384,1777524073373790900
1771,0,1771,1771,27837899963768,1777524073373790900
1771,1,1771,1771,27837352523840,1777524073373790900
1772,0,1772,1772,27837902361880,1777524073373790900
1772,1,1772,1772,27837354922344,1777524073373790900
1773,0,1773,1773,27837904760544,1777524073380158000
1773,1,1773,1773,27837357320344,1777524073381661500
1774,0,1774,1774,27837907158232,1777524073381661500
1774,1,1774,1774,27837359718640,1777524073383169300
1775,0,1775,1775,27837909557424,1777524073383169300
1775,1,1775,1775,27837362116864,1777524073383169300
1776,0,1776,1776,27837911954952,1777524073383169300
1776,1,1776,1776,27837364515560,1777524073389308100
1777,0,1777,1777,27837914353696,1777524073389308100
1777,1,1777,1777,27837366913904,1777524073390866600
1778,0,1778,1778,27837916751920,1777524073390866600
1778,1,1778,1778,27837369311880,1777524073390866600
1779,0,1779,1779,27837919150256,1777524073390866600
1779,1,1779,1779,27837371710808,1777524073390866600
1780,0,1780,1780,27837921548400,1777524073390866600
1780,1,1780,1780,27837374108904,1777524073390866600
1781,0,1781,1781,27837923946672,1777524073390866600
1781,1,1781,1781,27837376506920,1777524073401306700
1782,0,1782,1782,27837926344920,1777524073401306700
1782,1,1782,1782,27837378904880,1777524073403494600
1783,0,1783,1783,27837928743696,1777524073404562600
1783,1,1783,1783,27837381303920,1777524073406073900
1784,0,1784,1784,27837931142264,1777524073406073900
1784,1,1784,1784,27837383702296,1777524073407615100
1785,0,1785,1785,27837933540104,1777524073409251400
1785,1,1785,1785,27837386100328,1777524073410450000
1786,0,1786,1786,27837935939144,1777524073411450600
1786,1,1786,1786,27837388498824,1777524073413449900
1787,0,1787,1787,27837938336864,1777524073413449900
1787,1,1787,1787,27837390896920,1777524073415450700
1788,0,1788,1788,27837940735344,1777524073415450700
1788,1,1788,1788,27837393295344,1777524073417860500
1789,0,1789,1789,27837943133960,1777524073417860500
1789,1,1789,1789,27837395693568,1777524073417860500
1790,0,1790,1790,27837945532448,1777524073417860500
1790,1,1790,1790,27837398091976,1777524073422876400
1791,0,1791,1791,27837947930768,1777524073422876400
1791,1,1791,1791,27837400490208,1777524073425221100
1792,0,1792,1792,27837950329200,1777524073425221100
1792,1,1792,1792,27837402888384,1777524073427864700
1793,0,1793,1793,27837952726680,1777524073427864700
1793,1,1793,1793,27837405287256,1777524073430398200
1794,0,1794,1794,27837955125040,1777524073430398200
1794,1,1794,1794,27837407684920,1777524073432406100
1795,0,1795,1795,27837957523392,1777524073432406100
1795,1,1795,1795,27837410083424,1777524073434398100
1796,0,1796,1796,27837959921840,1777524073435398000
1796,1,1796,1796,27837412481880,1777524073436901100
1797,0,1797,1797,27837962320824,1777524073437904400
1797,1,1797,1797,27837414880504,1777524073438905200
1798,0,1798,1798,27837964718920,1777524073440408000
1798,1,1798,1798,27837417278920,1777524073442411800
1799,0,1799,1799,27837967116672,1777524073442411800
1799,1,1799,1799,27837419676784,1777524073444424100
1800,0,1800,1800,27837969515544,1777524073444424100
1800,1,1800,1800,27837422075920,1777524073447050400
1801,0,1801,1801,27837971913880,1777524073447050400
1801,1,1801,1801,27837424473528,1777524073449568700
1802,0,1802,1802,27837974312064,1777524073449568700
1802,1,1802,1802,27837426871672,1777524073451451100
1803,0,1803,1803,27837976710672,1777524073451451100
1803,1,1803,1803,27837429270680,1777524073453454300
1804,0,1804,1804,27837979108864,1777524073454454600
1804,1,1804,1804,27837431668864,1777524073455957000
1805,0,1805,1805,27837981507488,1777524073456960900
1805,1,1805,1805,27837434067384,1777524073458785600
1806,0,1806,1806,27837983905784,1777524073459304900
1806,1,1806,1806,27837436465344,1777524073461406300
1807,0,1807,1807,27837986303920,1777524073461406300
1807,1,1807,1807,27837438864160,1777524073463398100
1808,0,1808,1808,27837988701952,1777524073464398300
1808,1,1808,1808,27837441262528,1777524073466397600
1809,0,1809,1809,27837991100920,1777524073466397600
1809,1,1809,1809,27837443660768,1777524073468320400
1810,0,1810,1810,27837993498520,1777524073468320400
1810,1,1810,1810,27837446058920,1777524073471026700
1811,0,1811,1811,27837995896904,1777524073471467400
1811,1,1811,1811,27837448457392,1777524073473472200
1812,0,1812,1812,27837998295680,1777524073473472200
1812,1,1812,1812,27837450855160,1777524073475705100
1813,0,1813,1813,27838000693904,1777524073476230800
1813,1,1813,1813,27837453253840,1777524073478314300
1814,0,1814,1814,27838003092728,1777524073478314300
1814,1,1814,1814,27837455651920,1777524073480320600
1815,0,1815,1815,27838005490328,1777524073480320600
1815,1,1815,1815,27837458050696,1777524073482855200
1816,0,1816,1816,27838007889344,1777524073483287800
1816,1,1816,1816,27837460448560,1777524073483287800
1817,0,1817,1817,27838010286768,1777524073483287800
1817,1,1817,1817,27837462846768,1777524073483287800
1818,0,1818,1818,27838012685824,1777524073483287800
1818,1,1818,1818,27837465245368,1777524073489108000
1819,0,1819,1819,27838015083544,1777524073490618200
1819,1,1819,1819,27837467644200,1777524073492388600
1820,0,1820,1820,27838017481920,1777524073492388600
1820,1,1820,1820,27837470041784,1777524073492388600
1821,0,1821,1821,27838019880464,1777524073492388600
1821,1,1821,1821,27837472440696,1777524073496049400
1822,0,1822,1822,27838022279424,1777524073496049400
1822,1,1822,1822,27837474838976,1777524073496049400
1823,0,1823,1823,27838024677768,1777524073496049400
1823,1,1823,1823,27837477237680,1777524073501538300
1824,0,1824,1824,27838027075904,1777524073501538300
1824,1,1824,1824,27837479635920,1777524073503542200
1825,0,1825,1825,27838029473584,1777524073503542200
1825,1,1825,1825,27837482033952,1777524073506588600
1826,0,1826,1826,27838031872584,1777524073506588600
1826,1,1826,1826,27837484431880,1777524073509408100
1827,0,1827,1827,27838034270920,1777524073509408100
1827,1,1827,1827,27837486830736,1777524073511499400
1828,0,1828,1828,27838036668768,1777524073511499400
1828,1,1828,1828,27837489228904,1777524073514347200
1829,0,1829,1829,27838039067344,1777524073514347200
1829,1,1829,1829,27837491627768,1777524073516357100
1830,0,1830,1830,27838041465920,1777524073516357100
1830,1,1830,1830,27837494025784,1777524073518527800
1831,0,1831,1831,27838043863528,1777524073519527600
1831,1,1831,1831,27837496424088,1777524073521526800
1832,0,1832,1832,27838046262640,1777524073521526800
1832,1,1832,1832,27837498822512,1777524073523596400
1833,0,1833,1833,27838048660608,1777524073523596400
1833,1,1833,1833,27837501220488,1777524073525769600
1834,0,1834,1834,27838051059296,1777524073526773400
1834,1,1834,1834,27837503618840,1777524073528772400
1835,0,1835,1835,27838053457424,1777524073528772400
1835,1,1835,1835,27837506017384,1777524073530989700
1836,0,1836,1836,27838055855904,1777524073530989700
1836,1,1836,1836,27837508415840,1777524073532783700
1837,0,1837,1837,27838058253880,1777524073533791300
1837,1,1837,1837,27837510813952,1777524073535460200
1838,0,1838,1838,27838060652696,1777524073535460200
1838,1,1838,1838,27837513211952,1777524073537977900
1839,0,1839,1839,27838063050680,1777524073537977900
1839,1,1839,1839,27837515610600,1777524073539967200
1840,0,1840,1840,27838065449344,1777524073541034200
1840,1,1840,1840,27837518008728,1777524073542632200
1841,0,1841,1841,27838067847768,1777524073542632200
1841,1,1841,1841,27837520406920,1777524073542632200
1842,0,1842,1842,27838070246232,1777524073542632200
1842,1,1842,1842,27837522805904,1777524073542632200
1843,0,1843,1843,27838072643664,1777524073542632200
1843,1,1843,1843,27837525203824,1777524073549581400
1844,0,1844,1844,27838075041952,1777524073549581400
1844,1,1844,1844,27837527602288,1777524073551388000
1845,0,1845,1845,27838077440728,1777524073551388000
1845,1,1845,1845,27837530001240,1777524073551388000
1846,0,1846,1846,27838079839424,1777524073551388000
1846,1,1846,1846,27837532398640,1777524073555823700
1847,0,1847,1847,27838082237328,1777524073558182100
1847,1,1847,1847,27837534797904,1777524073559769900
1848,0,1848,1848,27838084635672,1777524073559769900
1848,1,1848,1848,27837537195824,1777524073561785000
1849,0,1849,1849,27838087034504,1777524073561785000
1849,1,1849,1849,27837539594328,1777524073564775900
1850,0,1850,1850,27838089432824,1777524073564775900
1850,1,1850,1850,27837541992400,1777524073566781900
1851,0,1851,1851,27838091830368,1777524073566781900
1851,1,1851,1851,27837544390840,1777524073568776500
1852,0,1852,1852,27838094228840,1777524073568776500
1852,1,1852,1852,27837546788840,1777524073571283500
1853,0,1853,1853,27838096627840,1777524073572283300
1853,1,1853,1853,27837549187840,1777524073574406200
1854,0,1854,1854,27838099026208,1777524073574406200
1854,1,1854,1854,27837551585568,1777524073575870400
1855,0,1855,1855,27838101423920,1777524073577011200
1855,1,1855,1855,27837553984064,1777524073578957400
1856,0,1856,1856,27838103822384,1777524073578957400
1856,1,1856,1856,27837556382624,1777524073581469200
1857,0,1857,1857,27838106221344,1777524073581469200
1857,1,1857,1857,27837558780784,1777524073582978400
1858,0,1858,1858,27838108618904,1777524073584002500
1858,1,1858,1858,27837561178736,1777524073586009500
1859,0,1859,1859,27838111017952,1777524073586009500
1859,1,1859,1859,27837563577736,1777524073588002800
1860,0,1860,1860,27838113416112,1777524073589002000
1860,1,1860,1860,27837565975672,1777524073591227800
1861,0,1861,1861,27838115814696,1777524073591227800
1861,1,1861,1861,27837568374584,1777524073593151200
1862,0,1862,1862,27838118212672,1777524073593151200
1862,1,1862,1862,27837570772400,1777524073595141300
1863,0,1863,1863,27838120610520,1777524073596141400
1863,1,1863,1863,27837573171160,1777524073597734200
1864,0,1864,1864,27838123009672,1777524073597734200
1864,1,1864,1864,27837575568952,1777524073600740500
1865,0,1865,1865,27838125407640,1777524073600740500
1865,1,1865,1865,27837577967864,1777524073602750800
1866,0,1866,1866,27838127805808,1777524073603741300
1866,1,1866,1866,27837580365904,1777524073604825900
1867,0,1867,1867,27838130204528,1777524073605810800
1867,1,1867,1867,27837582764296,1777524073607871900
1868,0,1868,1868,27838132602952,1777524073607871900
1868,1,1868,1868,27837585162424,1777524073609748900
1869,0,1869,1869,27838135000880,1777524073609748900
1869,1,1869,1869,27837587560904,1777524073611869300
1870,0,1870,1870,27838137398952,1777524073612869900
1870,1,1870,1870,27837589959736,1777524073614927900
1871,0,1871,1871,27838139797880,1777524073614927900
1871,1,1871,1871,27837592357768,1777524073617323000
1872,0,1872,1872,27838142195696,1777524073617323000
1872,1,1872,1872,27837594756240,1777524073619338100
1873,0,1873,1873,27838144593904,1777524073620331500
1873,1,1873,1873,27837597154584,1777524073622330100
1874,0,1874,1874,27838146992960,1777524073622330100
1874,1,1874,1874,27837599552640,1777524073624522200
1875,0,1875,1875,27838149390904,1777524073624522200
1875,1,1875,1875,27837601950904,1777524073626933200
1876,0,1876,1876,27838151788904,1777524073626933200
1876,1,1876,1876,27837604348880,1777524073628932700
1877,0,1877,1877,27838154187224,1777524073628932700
1877,1,1877,1877,27837606747208,1777524073631924700
1878,0,1878,1878,27838156585920,1777524073631924700
1878,1,1878,1878,27837609145640,1777524073634134500
1879,0,1879,1879,27838158984440,1777524073634134500
1879,1,1879,1879,27837611544384,1777524073636271700
1880,0,1880,1880,27838161382368,1777524073636777300
1880,1,1880,1880,27837613942488,1777524073638595700
1881,0,1881,1881,27838163780784,1777524073638595700
1881,1,1881,1881,27837616340680,1777524073641118100
1882,0,1882,1882,27838166178864,1777524073641118100
1882,1,1882,1882,27837618738880,1777524073643635400
1883,0,1883,1883,27838168577952,1777524073643635400
1883,1,1883,1883,27837621137544,1777524073645808700
1884,0,1884,1884,27838170975952,1777524073645808700
1884,1,1884,1884,27837623535640,1777524073647812000
1885,0,1885,1885,27838173373960,1777524073648812800
1885,1,1885,1885,27837625933880,1777524073650947100
1886,0,1886,1886,27838175772736,1777524073650947100
1886,1,1886,1886,27837628332904,1777524073652948700
1887,0,1887,1887,27838178171160,1777524073652948700
1887,1,1887,1887,27837630731120,1777524073655457600
1888,0,1888,1888,27838180569824,1777524073655457600
1888,1,1888,1888,27837633129736,1777524073657924000
1889,0,1889,1889,27838182967824,1777524073657924000
1889,1,1889,1889,27837635527696,1777524073660519000
1890,0,1890,1890,27838185365736,1777524073660519000
1890,1,1890,1890,27837637926368,1777524073662509100
1891,0,1891,1891,27838187764824,1777524073662509100
1891,1,1891,1891,27837640324280,1777524073664508400
1892,0,1892,1892,27838190162728,1777524073665509800
1892,1,1892,1892,27837642723176,1777524073666509700
1893,0,1893,1893,27838192561424,1777524073666509700
1893,1,1893,1893,27837645120880,1777524073670142500
1894,0,1894,1894,27838194959424,1777524073670142500
1894,1,1894,1894,27837647519728,1777524073670142500
1895,0,1895,1895,27838197357904,1777524073670142500
1895,1,1895,1895,27837649917840,1777524073674821800
1896,0,1896,1896,27838199755864,1777524073675719900
1896,1,1896,1896,27837652315920,1777524073675719900
1897,0,1897,1897,27838202154952,1777524073675719900
1897,1,1897,1897,27837654714880,1777524073675719900
1898,0,1898,1898,27838204552864,1777524073675719900
1898,1,1898,1898,27837657112960,1777524073681922300
1899,0,1899,1899,27838206951488,1777524073681922300
1899,1,1899,1899,27837659511296,1777524073683025300
1900,0,1900,1900,27838209349120,1777524073683025300
1900,1,1900,1900,27837661909704,1777524073685065100
1901,0,1901,1901,27838211747520,1777524073685065100
1901,1,1901,1901,27837664307736,1777524073688535600
1902,0,1902,1902,27838214145784,1777524073688535600
1902,1,1902,1902,27837666706280,1777524073691750600
1903,0,1903,1903,27838216544920,1777524073691750600
1903,1,1903,1903,27837669104200,1777524073694069200
1904,0,1904,1904,27838218942424,1777524073694069200
1904,1,1904,1904,27837671502400,1777524073696183300
1905,0,1905,1905,27838221340904,1777524073696183300
1905,1,1905,1905,27837673900728,1777524073698171300
1906,0,1906,1906,27838223739808,1777524073699171900
1906,1,1906,1906,27837676299728,1777524073701180400
1907,0,1907,1907,27838226137808,1777524073701180400
1907,1,1907,1907,27837678697560,1777524073703680800
1908,0,1908,1908,27838228536680,1777524073703680800
1908,1,1908,1908,27837681096648,1777524073706136400
1909,0,1909,1909,27838230934904,1777524073706641900
1909,1,1909,1909,27837683494400,1777524073708327500
1910,0,1910,1910,27838233332960,1777524073708327500
1910,1,1910,1910,27837685892424,1777524073710330900
1911,0,1911,1911,27838235730952,1777524073711331300
1911,1,1911,1911,27837688291672,1777524073713336700
1912,0,1912,1912,27838238129880,1777524073713336700
1912,1,1912,1912,27837690689952,1777524073715343300
1913,0,1913,1913,27838240527864,1777524073715343300
1913,1,1913,1913,27837693087736,1777524073717379200
1914,0,1914,1914,27838242925952,1777524073718379100
1914,1,1914,1914,27837695486640,1777524073720385700
1915,0,1915,1915,27838245324952,1777524073720385700
1915,1,1915,1915,27837697884920,1777524073722899200
1916,0,1916,1916,27838247722736,1777524073722899200
1916,1,1916,1916,27837700282424,1777524073724427100
1917,0,1917,1917,27838250120904,1777524073725505800
1917,1,1917,1917,27837702680904,1777524073727516200
1918,0,1918,1918,27838252519256,1777524073727516200
1918,1,1918,1918,27837705079880,1777524073730054500
1919,0,1919,1919,27838254918048,1777524073730054500
1919,1,1919,1919,27837707477680,1777524073732459500
1920,0,1920,1920,27838257316368,1777524073732459500
1920,1,1920,1920,27837709876600,1777524073734245900
1921,0,1921,1921,27838259714544,1777524073735244800
1921,1,1921,1921,27837712274904,1777524073737253900
1922,0,1922,1922,27838262112560,1777524073737253900
1922,1,1922,1922,27837714672768,1777524073739725600
1923,0,1923,1923,27838264511424,1777524073739725600
1923,1,1923,1923,27837717070904,1777524073741111100
1924,0,1924,1924,27838266909864,1777524073741111100
1924,1,1924,1924,27837719469952,1777524073741111100
1925,0,1925,1925,27838269307880,1777524073741111100
1925,1,1925,1925,27837721868416,1777524073741111100
1926,0,1926,1926,27838271705904,1777524073741111100
1926,1,1926,1926,27837724266344,1777524073741111100
1927,0,1927,1927,27838274105048,1777524073749699700
1927,1,1927,1927,27837726664448,1777524073751514600
1928,0,1928,1928,27838276502920,1777524073751514600
1928,1,1928,1928,27837729062920,1777524073751514600
1929,0,1929,1929,27838278901824,1777524073751514600
1929,1,1929,1929,27837731460880,1777524073755219500
1930,0,1930,1930,27838281299880,1777524073755219500
1930,1,1930,1930,27837733859824,1777524073757731200
1931,0,1931,1931,27838283697536,1777524073757731200
1931,1,1931,1931,27837736257952,1777524073757731200
1932,0,1932,1932,27838286096344,1777524073761528900
1932,1,1932,1932,27837738656640,1777524073761528900
1933,0,1933,1933,27838288494624,1777524073761528900
1933,1,1933,1933,27837741054864,1777524073765078700
1934,0,1934,1934,27838290893264,1777524073766235200
1934,1,1934,1934,27837743452600,1777524073768418900
1935,0,1935,1935,27838293291560,1777524073768418900
1935,1,1935,1935,27837745851624,1777524073770308000
1936,0,1936,1936,27838295689728,1777524073771312200
1936,1,1936,1936,27837748249424,1777524073772828400
1937,0,1937,1937,27838298087960,1777524073772828400
1937,1,1937,1937,27837750648320,1777524073775616500
1938,0,1938,1938,27838300486736,1777524073775992100
1938,1,1938,1938,27837753046424,1777524073778001700
1939,0,1939,1939,27838302884400,1777524073778001700
1939,1,1939,1939,27837755444456,1777524073780011500
1940,0,1940,1940,27838305283256,1777524073780011500
1940,1,1940,1940,27837757842920,1777524073783045300
1941,0,1941,1941,27838307681664,1777524073783045300
1941,1,1941,1941,27837760240904,1777524073785055900
1942,0,1942,1942,27838310079840,1777524073785055900
1942,1,1942,1942,27837762639840,1777524073787048600
1943,0,1943,1943,27838312477880,1777524073787048600
1943,1,1943,1943,27837765037960,1777524073789698500
1944,0,1944,1944,27838314876064,1777524073789698500
1944,1,1944,1944,27837767436808,1777524073792482300
1945,0,1945,1945,27838317274416,1777524073792482300
1945,1,1945,1945,27837769834808,1777524073794490900
1946,0,1946,1946,27838319673200,1777524073794490900
1946,1,1946,1946,27837772233144,1777524073797002100
1947,0,1947,1947,27838322071232,1777524073797002100
1947,1,1947,1947,27837774631400,1777524073799010900
1948,0,1948,1948,27838324469568,1777524073800011600
1948,1,1948,1948,27837777029696,1777524073800504300
1949,0,1949,1949,27838326867736,1777524073800504300
1949,1,1949,1949,27837779427904,1777524073803558600
1950,0,1950,1950,27838329266840,1777524073803558600
1950,1,1950,1950,27837781826680,1777524073806140900
1951,0,1951,1951,27838331664960,1777524073806140900
1951,1,1951,1951,27837784224696,1777524073809155300
1952,0,1952,1952,27838334062728,1777524073809155300
1952,1,1952,1952,27837786622920,1777524073811168400
1953,0,1953,1953,27838336461320,1777524073812155200
1953,1,1953,1953,27837789021920,1777524073813985600
1954,0,1954,1954,27838338859584,1777524073813985600
1954,1,1954,1954,27837791419368,1777524073816503300
1955,0,1955,1955,27838341257784,1777524073816503300
1955,1,1955,1955,27837793817696,1777524073818519000
1956,0,1956,1956,27838343656280,1777524073818519000
1956,1,1956,1956,27837796216448,1777524073820506800
1957,0,1957,1957,27838346054528,1777524073820506800
1957,1,1957,1957,27837798614344,1777524073823578800
1958,0,1958,1958,27838348453008,1777524073823578800
1958,1,1958,1958,27837801013384,1777524073825697800
1959,0,1959,1959,27838350851952,1777524073825697800
1959,1,1959,1959,27837803411920,1777524073827696200
1960,0,1960,1960,27838353249600,1777524073828697100
1960,1,1960,1960,27837805809864,1777524073830705300
1961,0,1961,1961,27838355647904,1777524073830705300
1961,1,1961,1961,27837808207864,1777524073832704200
1962,0,1962,1962,27838358046960,1777524073833696500
1962,1,1962,1962,27837810606256,1777524073835707000
1963,0,1963,1963,27838360444584,1777524073835707000
1963,1,1963,1963,27837813004384,1777524073837860900
1964,0,1964,1964,27838362843400,1777524073837860900
1964,1,1964,1964,27837815402920,1777524073840375500
1965,0,1965,1965,27838365241728,1777524073841159100
1965,1,1965,1965,27837817801904,1777524073842668000
1966,0,1966,1966,27838367640344,1777524073842668000
1966,1,1966,1966,27837820199920,1777524073844669500
1967,0,1967,1967,27838370037904,1777524073844669500
1967,1,1967,1967,27837822598384,1777524073847668400
1968,0,1968,1968,27838372436672,1777524073847668400
1968,1,1968,1968,27837824996624,1777524073849669600
1969,0,1969,1969,27838374834680,1777524073850173800
1969,1,1969,1969,27837827394864,1777524073850173800
1970,0,1970,1970,27838377232784,1777524073850173800
1970,1,1970,1970,27837829793544,1777524073850173800
1971,0,1971,1971,27838379631600,1777524073855261900
1971,1,1971,1971,27837832191456,1777524073855261900
1972,0,1972,1972,27838382029864,1777524073857876500
1972,1,1972,1972,27837834590120,1777524073858986400
1973,0,1973,1973,27838384428736,1777524073858986400
1973,1,1973,1973,27837836987840,1777524073858986400
1974,0,1974,1974,27838386826880,1777524073858986400
1974,1,1974,1974,27837839386824,1777524073858986400
1975,0,1975,1975,27838389224824,1777524073858986400
1975,1,1975,1975,27837841784840,1777524073858986400
1976,0,1976,1976,27838391622920,1777524073858986400
1976,1,1976,1976,27837844183696,1777524073869122400
1977,0,1977,1977,27838394021600,1777524073869122400
1977,1,1977,1977,27837846581200,1777524073870126000
1978,0,1978,1978,27838396419840,1777524073870126000
1978,1,1978,1978,27837848979840,1777524073872673000
1979,0,1979,1979,27838398818768,1777524073874504900
1979,1,1979,1979,27837851378728,1777524073875968000
1980,0,1980,1980,27838401216560,1777524073876974000
1980,1,1980,1980,27837853776232,1777524073878748900
1981,0,1981,1981,27838403614904,1777524073878748900
1981,1,1981,1981,27837856174784,1777524073880761300
1982,0,1982,1982,27838406013584,1777524073880761300
1982,1,1982,1982,27837858572864,1777524073882844200
1983,0,1983,1983,27838408412184,1777524073883848200
1983,1,1983,1983,27837860971920,1777524073885857200
1984,0,1984,1984,27838410809536,1777524073885857200
1984,1,1984,1984,27837863369864,1777524073888350700
1985,0,1985,1985,27838413208680,1777524073888350700
1985,1,1985,1985,27837865768424,1777524073890361800
1986,0,1986,1986,27838415606680,1777524073891355000
1986,1,1986,1986,27837868166424,1777524073892862600
1987,0,1987,1987,27838418004824,1777524073892862600
1987,1,1987,1987,27837870565344,1777524073895536000
1988,0,1988,1988,27838420403880,1777524073895536000
1988,1,1988,1988,27837872963344,1777524073897934100
1989,0,1989,1989,27838422802048,1777524073897934100
1989,1,1989,1989,27837875361880,1777524073900333800
1990,0,1990,1990,27838425200344,1777524073900333800
1990,1,1990,1990,27837877759904,1777524073902479300
1991,0,1991,1991,27838427598840,1777524073902479300
1991,1,1991,1991,27837880158264,1777524073904577200
1992,0,1992,1992,27838429996904,1777524073904577200
1992,1,1992,1992,27837882556904,1777524073907090800
1993,0,1993,1993,27838432394728,1777524073907890100
1993,1,1993,1993,27837884955488,1777524073909181900
1994,0,1994,1994,27838434793680,1777524073910291600
1994,1,1994,1994,27837887353560,1777524073912300200
1995,0,1995,1995,27838437191880,1777524073912300200
1995,1,1995,1995,27837889751736,1777524073914297400
1996,0,1996,1996,27838439589864,1777524073915291200
1996,1,1996,1996,27837892149696,1777524073917115800
1997,0,1997,1997,27838441988904,1777524073917115800
1997,1,1997,1997,27837894548880,1777524073919512000
1998,0,1998,1998,27838444386880,1777524073919512000
1998,1,1998,1998,27837896946880,1777524073921527400
1999,0,1999,1999,27838446784960,1777524073921527400
1999,1,1999,1999,27837899344904,1777524073923685200
2000,0,2000,2000,27838449183768,1777524073924539600
2000,1,2000,2000,27837901743560,1777524073925796100
2001,0,2001,2001,27838451581952,1777524073926996900
2001,1,2001,2001,27837904141824,1777524073929005700
2002,0,2002,2002,27838453979880,1777524073929005700
2002,1,2002,2002,27837906540136,1777524073931004300
2003,0,2003,2003,27838456378904,1777524073931996300
2003,1,2003,2003,27837908938920,1777524073932996200
2004,0,2004,2004,27838458776960,1777524073932996200
2004,1,2004,2004,27837911336504,1777524073932996200
2005,0,2005,2005,27838461174840,1777524073936743600
2005,1,2005,2005,27837913734880,1777524073936743600
2006,0,2006,2006,27838463573960,1777524073936743600
2006,1,2006,2006,27837916133808,1777524073941174300
2007,0,2007,2007,27838465971384,1777524073941174300
2007,1,2007,2007,27837918531384,1777524073942305600
2008,0,2008,2008,27838468369808,1777524073942305600
2008,1,2008,2008,27837920929840,1777524073942305600
2009,0,2009,2009,27838470768736,1777524073942305600
2009,1,2009,2009,27837923328784,1777524073942305600
2010,0,2010,2010,27838473166400,1777524073942305600
2010,1,2010,2010,27837925726904,1777524073949538100
2011,0,2011,2011,27838475565584,1777524073949538100
2011,1,2011,2011,27837928124904,1777524073951448500
2012,0,2012,2012,27838477963768,1777524073953452500
2012,1,2012,2012,27837930523904,1777524073954955800
2013,0,2013,2013,27838480361952,1777524073954955800
2013,1,2013,2013,27837932921600,1777524073957694500
2014,0,2014,2014,27838482760008,1777524073957694500
2014,1,2014,2014,27837935319880,1777524073959866300
2015,0,2015,2015,27838485158880,1777524073960867300
2015,1,2015,2015,27837937718696,1777524073962866400
2016,0,2016,2016,27838487556784,1777524073962866400
2016,1,2016,2016,27837940116400,1777524073964873700
2017,0,2017,2017,27838489954960,1777524073964873700
2017,1,2017,2017,27837942515048,1777524073966865800
2018,0,2018,2018,27838492353144,1777524073967866300
2018,1,2018,2018,27837944913488,1777524073969873500
2019,0,2019,2019,27838494751960,1777524073969873500
2019,1,2019,2019,27837947311880,1777524073971889200
2020,0,2020,2020,27838497149864,1777524073972877300
2020,1,2020,2020,27837949709864,1777524073973947800
2021,0,2021,2021,27838499548280,1777524073974942100
2021,1,2021,2021,27837952108864,1777524073977195000
2022,0,2022,2022,27838501947368,1777524073977195000
2022,1,2022,2022,27837954506672,1777524073979612100
2023,0,2023,2023,27838504345424,1777524073979612100
2023,1,2023,2023,27837956904920,1777524073981621300
2024,0,2024,2024,27838506743240,1777524073981621300
2024,1,2024,2024,27837959303384,1777524073984128000
2025,0,2025,2025,27838509142264,1777524073984128000
2025,1,2025,2025,27837961702344,1777524073986119600
2026,0,2026,2026,27838511539880,1777524073987119200
2026,1,2026,2026,27837964100680,1777524073988298500
2027,0,2027,2027,27838513938696,1777524073989309000
2027,1,2027,2027,27837966498456,1777524073991308700
2028,0,2028,2028,27838516337448,1777524073991308700
2028,1,2028,2028,27837968897400,1777524073993419200
2029,0,2029,2029,27838518735640,1777524073994410300
2029,1,2029,2029,27837971294864,1777524073996137700
2030,0,2030,2030,27838521133952,1777524073996137700
2030,1,2030,2030,27837973693784,1777524073998800200
2031,0,2031,2031,27838523531768,1777524073998800200
2031,1,2031,2031,27837976091808,1777524074000796900
2032,0,2032,2032,27838525929952,1777524074000796900
2032,1,2032,2032,27837978489920,1777524074002797200
2033,0,2033,2033,27838528328256,1777524074003862300
2033,1,2033,2033,27837980888904,1777524074004862800
2034,0,2034,2034,27838530726904,1777524074006366100
2034,1,2034,2034,27837983287296,1777524074007697900
2035,0,2035,2035,27838533125088,1777524074008675200
2035,1,2035,2035,27837985684920,1777524074010064700
2036,0,2036,2036,27838535523920,1777524074011064700
2036,1,2036,2036,27837988083880,1777524074013063800
2037,0,2037,2037,27838537922344,1777524074013063800
2037,1,2037,2037,27837990482456,1777524074015065800
2038,0,2038,2038,27838540320880,1777524074015065800
2038,1,2038,2038,27837992880808,1777524074017573600
2039,0,2039,2039,27838542718768,1777524074017573600
2039,1,2039,2039,27837995278288,1777524074017573600
2040,0,2040,2040,27838545116920,1777524074017573600
2040,1,2040,2040,27837997676784,1777524074021769900
2041,0,2041,2041,27838547515680,1777524074021769900
2041,1,2041,2041,27838000075832,1777524074024456200
2042,0,2042,2042,27838549913920,1777524074024456200
2042,1,2042,2042,27838002473960,1777524074026853500
2043,0,2043,2043,27838552311824,1777524074027852900
2043,1,2043,2043,27838004871672,1777524074029851300
2044,0,2044,2044,27838554710488,1777524074029851300
2044,1,2044,2044,27838007270840,1777524074031853500
2045,0,2045,2045,27838557108296,1777524074031853500
2045,1,2045,2045,27838009668728,1777524074033356300
2046,0,2046,2046,27838559506728,1777524074033356300
2046,1,2046,2046,27838012066696,1777524074036110300
2047,0,2047,2047,27838561905880,1777524074036110300
2047,1,2047,2047,27838014465824,1777524074036110300
2048,0,2048,2048,27838564304240,1777524074039852000
2048,1,2048,2048,27838016863864,1777524074041175700
2049,0,2049,2049,27838566702488,1777524074042180100
2049,1,2049,2049,27838019261960,1777524074042180100
2050,0,2050,2050,27838569100920,1777524074042180100
2050,1,2050,2050,27838021660560,1777524074042180100
2051,0,2051,2051,27838571499256,1777524074042180100
2051,1,2051,2051,27838024058736,1777524074042180100
2052,0,2052,2052,27838573896976,1777524074042180100
2052,1,2052,2052,27838026457600,1777524074049907800
2053,0,2053,2053,27838576295544,1777524074049907800
2053,1,2053,2053,27838028855952,1777524074052951700
2054,0,2054,2054,27838578693544,1777524074052951700
2054,1,2054,2054,27838031254160,1777524074054786000
2055,0,2055,2055,27838581092120,1777524074054786000
2055,1,2055,2055,27838033652360,1777524074058342800
2056,0,2056,2056,27838583490768,1777524074058342800
2056,1,2056,2056,27838036050400,1777524074061153800
2057,0,2057,2057,27838585888952,1777524074061153800
2057,1,2057,2057,27838038448864,1777524074063154000
2058,0,2058,2058,27838588286728,1777524074063154000
2058,1,2058,2058,27838040846880,1777524074065153900
2059,0,2059,2059,27838590685824,1777524074066154400
2059,1,2059,2059,27838043245672,1777524074068162900
2060,0,2060,2060,27838593084160,1777524074068162900
2060,1,2060,2060,27838045643640,1777524074070679200
2061,0,2061,2061,27838595481920,1777524074070679200
2061,1,2061,2061,27838048041808,1777524074073176500
2062,0,2062,2062,27838597880880,1777524074073176500
2062,1,2062,2062,27838050440384,1777524074075529700
2063,0,2063,2063,27838600278840,1777524074075529700
2063,1,2063,2063,27838052839224,1777524074077804200
2064,0,2064,2064,27838602676904,1777524074077804200
2064,1,2064,2064,27838055236904,1777524074080353100
2065,0,2065,2065,27838605075640,1777524074080353100
2065,1,2065,2065,27838057635736,1777524074081352900
2066,0,2066,2066,27838607474384,1777524074082855600
2066,1,2066,2066,27838060033824,1777524074084701900
2067,0,2067,2067,27838609871904,1777524074084701900
2067,1,2067,2067,27838062431952,1777524074086695000
2068,0,2068,2068,27838612270880,1777524074086695000
2068,1,2068,2068,27838064830232,1777524074089200700
2069,0,2069,2069,27838614668976,1777524074090208900
2069,1,2069,2069,27838067228680,1777524074092050800
2070,0,2070,2070,27838617067232,1777524074092781900
2070,1,2070,2070,27838069627728,1777524074093786600
2071,0,2071,2071,27838619465256,1777524074094785700
2071,1,2071,2071,27838072025640,1777524074096794900
2072,0,2072,2072,27838621863920,1777524074096794900
2072,1,2072,2072,27838074423736,1777524074099312000
2073,0,2073,2073,27838624262728,1777524074099312000
2073,1,2073,2073,27838076821904,1777524074099312000
2074,0,2074,2074,27838626660296,1777524074099312000
2074,1,2074,2074,27838079220904,1777524074103616100
2075,0,2075,2075,27838629058904,1777524074103616100
2075,1,2075,2075,27838081618768,1777524074106295500
2076,0,2076,2076,27838631457448,1777524074106295500
2076,1,2076,2076,27838084016904,1777524074109184600
2077,0,2077,2077,27838633855296,1777524074109184600
2077,1,2077,2077,27838086415840,1777524074109184600
2078,0,2078,2078,27838636254368,1777524074109184600
2078,1,2078,2078,27838088813680,1777524074109184600
2079,0,2079,2079,27838638651904,1777524074109184600
2079,1,2079,2079,27838091211960,1777524074109184600
2080,0,2080,2080,27838641050808,1777524074109184600
2080,1,2080,2080,27838093610296,1777524074118530400
2081,0,2081,2081,27838643449368,1777524074118530400
2081,1,2081,2081,27838096008808,1777524074118530400
2082,0,2082,2082,27838645847736,1777524074121498800
2082,1,2082,2082,27838098407064,1777524074121498800
2083,0,2083,2083,27838648245824,1777524074121498800
2083,1,2083,2083,27838100805736,1777524074125769500
2084,0,2084,2084,27838650643920,1777524074126143400
2084,1,2084,2084,27838103204264,1777524074128312000
2085,0,2085,2085,27838653041904,1777524074128312000
2085,1,2085,2085,27838105602232,1777524074130319100
